,NoDur,Durbl,Manuf,Enrgy,Chems,BusEq,Telcm,Utils,Shops,Hlth ,Money,Other,GDLC
20191125,1.19,2.12,1.93,1.69,1.91,1.75,0.63,0.27,1.75,1.88,1.29,1.69,-0.18
20191126,0.29,-0.2,-0.02,-2.29,0.01,-0.03,-0.38,0.02,0.24,0.35,-0.26,0.09,0.07
20191127,0.46,0.13,0.14,0.66,0.22,0.62,0.89,0.33,0.47,1.68,0.39,0.41,0.27
20191129,-0.02,0.17,-0.55,-1.08,-0.28,-0.16,0.34,-0.44,-0.32,1.38,-0.18,-0.23,0.22
20191202,-0.38,-0.52,-0.98,-1.02,-0.84,-1.51,-1.19,-0.72,-0.92,-0.03,-0.69,-1.02,-0.31
20191203,-0.87,-0.75,-0.78,-1.35,-1.01,-0.17,-0.18,0.19,-0.71,0.8,-0.78,-0.32,-0.01
20191204,0.79,0.68,0.74,2.64,0.14,0.11,1,0.75,0.29,0.8,0.4,0.6,-0.24
20191205,0.08,0.6,0.51,-0.58,0.39,0.08,0.47,0.1,0.02,-1.15,0.24,0.27,0.22
20191206,0.98,1.03,1.23,3.87,0.75,0.84,0.72,0.26,1.38,0.97,0.89,0.73,0.04
20191209,0.11,-0.22,-0.05,0.45,-0.4,-0.27,-0.99,0.15,0.25,0.63,-0.1,0.31,0.03
20191210,-0.13,-0.34,-0.28,1.64,-0.63,0.33,-0.96,0.67,-0.34,0.86,0.41,0.14,-0.16
20191211,0.02,0.3,1.32,0.7,0.26,0.38,0.2,0.2,-0.42,-0.11,0.02,0.55,0.12
20191212,0.28,1.19,1.19,3.06,2.09,0.8,0.15,-0.15,1,0.83,1.27,0.29,-0.04
20191213,-0.36,-1.28,-0.46,-1.2,-0.58,0.12,-0.29,0.2,-1.28,-0.29,0.01,-0.01,0.01
20191216,0.16,0.57,0.52,1.93,0.29,0.57,0.81,1.19,0.34,0.56,0.57,0.06,0
20191217,0.53,0.23,0.28,2.06,1.09,0.08,0.08,0.94,1.12,-0.39,0.51,0.28,-0.07
20191218,0.97,0.78,-0.13,0.77,0.35,0.51,0.31,0.79,0.37,-0.19,-0.15,0.21,0.03
20191219,-0.16,-0.35,0.02,1.46,0.75,0.34,1.14,0.14,0.24,1.11,0.15,0.3,-0.04
20191220,0.62,-0.3,-0.06,-0.21,0.51,0.37,0.82,0.33,0.17,0.61,0.21,0.7,0.03
20191223,-0.03,0.47,0.38,1.71,0.87,0.22,0.75,-0.64,-0.14,2.14,-0.56,0.27,-0.03
20191224,-0.09,0.07,0.31,0.71,0.02,0.13,0.23,-0.12,0.3,1.89,0.17,0.3,-0.01
20191226,0.02,0.18,-0.04,0.93,-0.33,0.45,0.5,0.16,0.28,0.2,0.02,0.2,-0.03
20191227,0.09,-0.2,-0.54,-1.22,-0.75,-0.19,-0.65,0,-0.19,-0.89,-0.2,-0.25,-0.02
20191230,-0.35,-0.38,0.2,0.24,-0.81,-0.3,0.6,0.1,0.04,0.04,-0.06,0.03,0.04
20191231,0.59,0.45,0.39,1.47,0.26,0.72,0.62,0.61,0.41,1.04,0.19,0.41,0
20200102,-0.17,0.92,0.87,-0.55,0.45,1.76,-0.5,-1.42,0.36,0.45,0.34,0.54,0
20200103,-0.08,-0.89,-0.4,3.06,-0.67,-0.59,-0.15,0.12,-0.3,-0.54,-0.76,-0.43,0.01
20200106,0.13,0.59,1.02,3.93,0.18,0.69,1.77,-0.07,0.59,1.33,-0.13,0.62,0.02
20200107,-0.46,-0.04,-0.2,0.13,-0.45,0.43,-0.45,-0.33,-0.21,0.34,-0.58,-0.02,0.02
20200108,-0.06,0.08,0.1,-4.28,-0.71,0.6,0.33,-0.67,-0.1,0.67,0.42,0.14,0.02
20200109,0.12,-0.3,0.01,-1.2,-0.28,0.5,-0.34,0.19,-0.42,1.23,0.16,0.07,-0.03
20200110,-0.07,-0.9,-0.84,-1.86,-0.15,0.27,-0.75,0.14,-0.87,0.23,-0.53,-0.49,0
20200113,1.32,0.94,0.76,-1.59,0.99,0.84,0.58,0.84,-0.21,-0.32,0.52,0.43,0
20200114,0.5,0.35,0.23,0.64,0.65,0.21,1.12,0.32,0.51,1.31,-0.32,0.33,0.01
20200115,0.36,0.08,0.27,-1.49,0.27,0.49,1.07,1.2,0.11,1.05,-0.09,0.7,-0.01
20200116,2.82,1.41,1.6,0.61,1.23,1.59,1.2,0.72,1.3,2.17,1.06,1.39,0
20200117,-0.6,-0.54,0.02,-1.74,-0.04,0.07,-0.27,0.19,-0.03,-0.27,-0.15,-0.24,0.01
20200121,-0.14,-0.26,-0.64,-3.5,-1,-0.35,-0.36,-0.22,-0.67,1.06,-0.57,-0.66,0.01
20200122,-0.31,-0.14,-0.25,-1.76,-1.1,0.02,-0.23,-0.16,-0.2,-0.39,0.13,-0.15,-0.01
20200123,-0.04,-0.28,-0.04,-1.81,-0.57,0.19,-0.82,0.76,0.84,-0.3,0.03,0.03,-0.08
20200124,-1.11,-1.1,-1.52,-2.06,-1.25,-1.02,-0.74,-0.5,-1.55,-1.79,-0.89,-1.14,0.06
20200127,-1.07,-2.22,-1.51,-3.88,-2.03,-1.94,-1.11,-0.53,-1.54,-0.56,-1.14,-1.37,0.05
20200128,0.33,1.23,0.51,1.48,1.2,1.22,1.65,0.36,0.61,0.95,0.61,0.85,0.01
20200129,-0.48,-0.72,-0.54,-2.01,-0.63,-0.82,-1.86,-0.32,-0.67,-0.67,-0.55,-0.45,0.01
20200130,0.38,-0.6,-0.57,0.3,-0.56,-0.1,-0.48,0.5,-0.83,-1.11,0.54,-0.28,-0.02
20200131,-2.03,-1.34,-1.52,-2.41,-1.81,-2.08,-1.11,-0.87,-2.1,-1.09,-1.71,-2.04,0
20200203,0.24,1.05,0.68,-1.86,1.47,0.56,1.06,0.88,0.52,1,0.55,0.59,0.02
20200204,1.09,1.97,1.52,0.46,1.53,1.9,0.63,-0.54,0.76,1.53,0.9,1.1,0.02
20200205,1.11,1.02,2.16,5.74,1.83,0.35,1.79,1.14,1.66,1.74,1.67,1.62,0.07
20200206,-0.57,-0.89,-0.56,-2.82,-0.87,0.35,-0.04,-0.58,-0.23,-0.17,-0.36,-0.09,0.05
20200207,-0.91,-1.84,-1.45,-2.42,-1.57,-0.95,-0.21,-0.33,-1.55,-1.79,-0.62,-0.87,-0.01
20200210,0.2,-0.38,0.4,-2.91,-0.11,0.66,0.36,0.04,0.14,1.06,0.33,0.21,0.04
20200211,-0.12,0.78,0.81,0.53,0.68,0.57,2.53,0.22,0.62,0.33,0.53,0.76,0.05
20200212,0.08,1.04,0.97,1.29,0.75,1.05,0.27,0.26,1,0.1,0.15,0.76,0.05
20200213,0.19,-0.22,-0.17,0,-0.58,-0.16,-0.16,0.88,-0.32,-0.31,0.39,-0.12,-0.01
20200214,-0.33,2.8,-0.65,-0.59,-0.17,0,-0.77,0.3,-0.48,0.15,-0.54,-0.18,-0.02
20200218,-0.58,-0.42,-0.4,-0.75,-1.74,-0.27,0.81,0.48,0.33,1.13,-0.26,-0.14,0.04
20200219,-0.02,0.36,0.2,2.35,0.78,1.11,0.14,0.03,0.46,0.98,0.17,0.82,0
20200220,0.42,0.39,0.58,0.61,0.47,0.55,0.1,0.37,1.3,0.49,0.51,0.34,-0.01
20200221,-0.66,-1.26,-0.65,-2.03,-1.48,-1.43,-0.99,-0.44,-0.7,-0.52,-0.74,-0.58,0
20200224,-2.81,-4.17,-2.92,-5.46,-2.7,-3.18,-2.43,-1.64,-2.86,-2.27,-2.27,-3.06,-0.01
20200225,-2.64,-3.14,-3.79,-3.94,-5.05,-3.32,-2.43,-2.44,-3.72,-3.22,-2.47,-4.13,-0.03
20200226,-1.5,-2.04,-1.3,-4.24,-1.18,-1.08,-1.79,-1.46,-1.88,-0.52,-0.77,-1.91,-0.04
20200227,-3.05,-3.56,-2.79,-5.73,-3.69,-3.68,-3.48,-4.2,-3.38,-2.19,-3.1,-3.34,0.07
20200228,-0.93,-0.76,-0.99,2.29,-0.55,-0.11,0.02,-3.32,-0.86,1.46,-2.44,-1.24,-0.02
20200302,1.99,1.12,2.08,-0.23,1.82,1.74,1.35,4.25,1.27,3.69,3.16,1.45,0
20200303,-1.71,-1.82,-1.72,-2.49,-1.4,-1.63,-0.79,-1.28,-1.99,-2.11,-2.6,-1.8,-0.01
20200304,2.66,2.07,2.59,0.92,3.02,2.4,1.93,4.22,2.4,3.78,2.02,2.68,0.01
20200305,-2.88,-4.3,-4.2,-5.1,-3.75,-3.2,-3.34,-1.73,-3.93,-1.98,-3.78,-4.22,0.01
20200306,-1.04,-2.27,-2.45,-9.56,-2.36,-2.62,-1.94,-0.49,-1.81,-2.27,-1.99,-2.24,-0.04
20200309,-7.07,-8.2,-10.89,-26.2,-11.11,-8.51,-8.01,-6.98,-8.38,-8.18,-9.55,-9.75,-0.17
20200310,2.65,2.62,2.78,5.96,3.52,2.95,2.42,1.98,1.89,0.68,3.07,2.81,0.04
20200311,-4.64,-4.84,-5.68,-8.67,-5.08,-5.24,-6.08,-5.25,-6.62,-5.66,-5.39,-6.33,-0.05
20200312,-10.3,-10.24,-10.5,-8.15,-10.33,-10.41,-11.41,-10.05,-11.74,-11.53,-9.77,-12.06,-0.18
20200313,5.69,5.31,6.52,19.66,7.16,5.29,7.07,7.26,6.33,3.28,8.37,6.48,-0.06
20200316,-10.76,-11.97,-11.87,-12.7,-9.37,-11.61,-11.62,-11.74,-13.7,-12.2,-12.51,-13.92,-0.05
20200317,5.1,0.08,4.28,1.21,6.25,4.98,7.69,12.54,2.08,5.66,7.38,2.61,-0.02
20200318,-9.77,-11.95,-11.98,-13.51,-9.63,-8.13,-10.3,-7.63,-9.61,-6.64,-12.72,-12.17,-0.13
20200319,6.53,7.06,7.13,14.71,5.8,6.27,7.3,1.93,10.19,8.6,6.24,8.72,0.18
20200320,-3.54,-2.99,-3.57,0.47,-1.46,-1.96,-0.79,-6.42,-3.64,0.05,-4.19,-1.52,0.08
20200323,-2.31,-0.45,-2.23,-6.75,-4,-0.24,-2.59,-4.75,-1.4,0.05,-4.19,-0.95,0.05
20200324,8.81,10.75,10.11,9.88,7.69,9.51,8.62,9.18,12.46,8.68,9.82,10.73,0.01
20200325,1.82,4.12,3.2,2.57,4.05,2.65,1.96,1.49,2.68,2.99,2.19,4.7,-0.07
20200326,5.31,4.47,6.31,1.81,5.06,5.85,6.14,6.84,5.31,4.86,7.37,5,-0.07
20200327,-3.21,-3.62,-4.45,-6.53,-4.3,-3.17,-3.23,-0.64,-5.35,-2.46,-4.07,-4.89,-0.06
20200330,2.38,-1.5,0.87,-3.56,2.29,1.8,0.27,3.31,-0.16,2.18,2.13,0.15,-0.13
20200331,-0.87,-0.41,1.62,3.93,-0.85,-0.43,0.01,-2.39,-0.48,-0.06,-0.37,0.51,-0.01
20200401,-5.66,-6.35,-5.57,-7.35,-5.47,-5.48,-6.65,-6.13,-7.14,-5.65,-6.76,-6.59,-0.14
20200402,-0.11,-0.47,0.81,9.63,0.8,0.34,0.22,3.28,-1.18,0.95,0.65,-0.31,0.13
20200403,-1.29,-3.01,-3.07,2.37,-2.14,-2.17,-3.3,-2.25,-2.71,-1.27,-3.84,-3.07,0.14
20200406,5.7,8.82,7.61,3.13,6.92,7.84,6.81,7.74,10.25,6.05,6.8,7.59,-0.04
20200407,2.03,1.03,1.02,0.37,0.73,0.64,1.07,-0.5,1.94,-0.39,1.06,1.61,0.03
20200408,3.19,5.99,4.47,7.92,4.55,4.01,2.79,4.8,5.45,5.07,3.93,5.41,0.07
20200409,3.46,5.99,3.97,6.33,4.17,2.18,3.71,4.39,5.68,2.91,5.94,4.41,0.15
20200413,-1.14,-0.47,-1.53,1.39,-1.42,-0.19,-1.7,-2.06,-1.57,1.38,-3.57,-1.12,0.05
20200414,2.57,2.87,1.3,-1.99,1.56,3.03,3.61,2.25,2.29,4.29,-0.13,1.91,0.06
20200415,-2.98,-2.94,-3.57,-6.01,-4.22,-1.69,-3.26,-3.53,-3.73,-2.18,-4.73,-3.54,-0.04
20200416,-0.32,-0.75,-1.63,-5.59,0.21,0.23,-1.66,0.08,-0.69,0.48,-2.56,-1.67,0
20200417,3.08,3.88,4.9,7.98,4.86,2.9,3.96,3.75,4.73,3.23,5.69,5.07,0.04
20200420,-1.7,-2.04,-1.98,-3.33,-2.79,-0.68,-1.51,-3.13,-2.23,0.96,-1.97,-2.52,-0.07
20200421,-1.93,-1.28,-1.93,2.28,-2,-2.63,-2.51,-0.76,-2.17,-2.23,-1.58,-2.11,-0.08
20200422,0.54,0.68,1.27,7.19,1.69,2.89,0.12,1.91,0.92,1.63,0.55,1.33,0.01
20200423,0.43,2.35,2,12.64,1.79,0.88,1.03,-1.05,0.77,1.21,0.8,1.32,0.05
20200424,1.27,2.02,0.72,-0.39,1.64,1.54,1.46,0.91,1.81,2.36,1.25,1.37,0
20200427,3.96,5.05,4.27,-0.27,3.31,3.27,3.36,1.49,6.64,3.07,5.09,4.68,0.03
20200428,2.52,2.78,2.46,3.17,2.56,1.1,1.34,0.87,2.71,-0.7,2.39,2.73,-0.06
20200429,3.27,5.66,5.91,13.13,5.33,4.64,4.96,0.76,5.45,3.58,6.06,6.03,0.17
20200430,-2.33,-2.16,-3.25,2.99,-3.19,-1.39,-3.35,-2.95,-3.02,-2.44,-3.79,-3.1,0
20200501,-2.79,-3.68,-3.68,-7.61,-3.28,-3.26,-3.77,-2.68,-3.7,-3.21,-3.21,-3.35,-0.02
20200504,-0.36,-0.5,-0.81,3.05,0.31,1.05,-1.02,0.57,-0.09,2.94,-0.28,-0.57,0.01
20200505,-0.21,-0.08,0.1,-1.35,1.28,1.29,-0.62,0.63,-1.12,2.17,-1.54,0.39,-0.02
20200506,-1.03,-0.64,-1.48,-4.72,-1.13,0.92,-1.23,-3.49,-1.1,0.2,-2.33,-1.92,-0.12
20200507,1.14,2.33,1.18,2.56,1.78,2.31,2.68,1.23,2.07,1.24,1.8,2.42,0.13
20200508,4.05,4.56,5.4,5.97,4.45,2.76,2.6,2.97,4.36,2.04,3.93,3.63,0.07
20200511,-1.8,-0.66,-1.29,-1.25,-1.23,-0.12,-0.49,-1.02,-1.13,3.32,-3.19,-1.43,-0.05
20200512,-2.14,-2.76,-3.47,-2.39,-2.2,-2.03,-2.08,-2.01,-2.67,-0.84,-3.94,-3.29,0.02
20200513,-3.13,-4.21,-3.27,-6.68,-3.9,-3.23,-4.2,-2.05,-3.64,-2.71,-3.44,-3.6,0.03
20200514,0.39,1.08,0.63,-1.02,0.46,0.87,1.31,0.29,0.58,-0.73,0.7,0.77,0.06
20200515,0.74,1.39,0.94,1.3,0.87,0.33,0.65,-0.1,2,2.05,0.99,1.58,-0.07
20200518,4.51,6.46,6.79,10.67,5.71,3.75,5.56,5.66,5.91,3.21,7.26,7.48,0.03
20200519,-1.84,-1.7,-1.52,-2.94,-0.92,-0.01,-1.85,-2.04,-1.13,-0.57,-3.36,-0.9,0.02
20200520,1.72,2.68,2.95,3.96,3.21,2.68,2.78,1.75,1.98,2.53,4.21,3.81,-0.02
20200521,0.63,0.36,0.01,-0.27,0.63,-0.83,0.99,-0.5,1.35,0.39,-0.56,0.24,-0.08
20200522,0.2,1.16,0.18,-1.66,-0.17,1.03,0.93,0.97,0.48,1.71,0,1.28,0.01
20200526,3.51,4.57,4.68,3.77,3.29,1.81,3.02,1.6,4.23,0.58,4.46,3.56,-0.03
20200527,3.29,3.27,3.56,1.1,3.03,1.81,3.24,1.03,5.4,0.32,5.13,4.44,0.02
20200528,-2.03,-2.54,-2.15,-2.05,-1.94,-1.26,-2.81,1.14,-2.33,-0.32,-2.91,-2.17,0.03
20200529,-0.79,-0.31,-1.49,-2.54,-0.32,1.04,-1.02,0.5,-0.47,0.17,-1.48,-0.76,0.01
20200601,1.29,2.71,1.72,2.2,2.26,1.78,2.25,0.17,0.93,0.73,0.03,1.36,0.05
20200602,0.88,1.63,1.76,2.86,1.41,0.98,0.12,0.7,1.75,0.99,0.52,1.54,0.01
20200603,3.39,3.9,3.48,2.2,3.22,2.35,4.53,1.92,3.69,-0.5,3.98,4.28,0.01
20200604,0.74,2.77,2.29,3.46,1.56,-0.28,5.36,-1.26,2.39,-0.23,1.86,2.69,0.03
20200605,3.76,4.52,4.87,18.21,2.66,2.35,4.7,2.71,4.19,1.63,5.07,4.07,-0.05
20200608,2.94,5.09,4.24,22.67,3.4,2.52,6.79,3.02,4.83,2.98,2.7,3.6,0.03
20200609,-2.08,-0.92,-2.28,-7.87,-1.61,-0.03,-3.32,-2.67,-2.16,0.08,-1.18,-1.97,-0.01
20200610,-2.74,-2.77,-3.09,-8.3,-2.71,-0.89,-2.91,-1.58,-4.08,-0.8,-3.94,-2.65,0.04
20200611,-6.74,-8.78,-8.3,-12.81,-8.41,-7.2,-8.2,-5.4,-7.88,-7.13,-7.71,-8.57,-0.11
20200612,2.53,3.72,2.95,5.57,3.19,2.34,2.63,0.32,2.7,2.01,2.59,3.22,0.02
20200615,1.45,1.97,1.8,1.3,1.24,2.05,2.94,1.63,0.89,3.48,1.37,1.75,-0.03
20200616,1.84,2.36,2.83,2.89,2.49,3.18,5,0.57,3.1,1.65,2.41,2.61,0.01
20200617,-1.34,-1.22,-1.48,-6.03,-0.83,-0.71,-3.15,-1.19,-1.5,-0.54,-1.8,-1.55,-0.03
20200618,-0.17,-0.42,-0.5,0.17,-0.78,0.31,2.22,0,-0.32,0.95,0.01,-0.62,-0.01
20200619,-0.7,0.21,-0.8,-2.11,-0.22,-0.32,-0.04,-2.49,-1.36,0.75,0.18,-0.66,-0.01
20200622,0.06,1.11,-0.12,-1.16,0.12,0.66,-1.67,0.68,0.96,1.55,0.22,0.34,0.05
20200623,0.71,0.81,0.47,1.12,-0.13,0.34,-0.3,-0.9,0.86,0.49,-0.54,0.97,0
20200624,-2.45,-3.97,-3.46,-7.69,-3.11,-2.65,-2.92,-1.3,-3.64,-2.13,-3.58,-3.69,-0.06
20200625,0.36,0.94,1.23,1.51,1.71,1.77,0.96,-0.52,0.7,1.85,2.41,0.64,0.01
20200626,-1.91,-1.04,-1.58,-5.52,-2,-2.01,-4.73,-1.91,-1.96,-2.42,-3.52,-2.42,-0.07
20200629,3.06,3.97,4.02,1.58,4.04,1.5,3.41,2.49,3.44,0.33,3.42,3.09,-0.01
20200630,0.59,1.08,2.38,0.52,0.39,1.62,1.62,1.1,0.97,0.57,1.7,1.34,0.01
20200701,-0.54,-0.83,-2.16,-1.91,-1.99,0.17,-0.3,0.97,-1.18,0.42,-2.11,-0.49,0.02
20200702,0.25,2.22,0.77,0.92,1.83,0.58,-0.76,0.78,0.16,-0.09,-0.26,1.04,-0.05
20200706,1.3,1.8,1.83,1.35,1.45,1.62,1.18,-0.69,1.02,0.51,0.92,1.48,0.05
20200707,-1.76,-2.02,-2.13,-3.53,-1.42,-1.67,-2.2,-0.76,-2.1,0.19,-3.16,-2.12,-0.05
20200708,0.34,0.82,0.19,0.13,-0.67,1.4,-0.05,0,0.81,0.84,0.34,0.9,0.06
20200709,-2.27,-2.21,-2.01,-4.31,-2,-0.22,-2.2,-1.99,-2.42,-0.99,-3.12,-2.32,-0.03
20200710,1.85,2.61,2.38,3.54,2.06,0.45,2.36,1.96,1.63,-0.22,3.45,2.16,-0.03
20200713,-0.54,-2.77,-0.79,-3.01,0.01,-2.65,-1.37,-0.17,-1.96,-1.27,-0.2,-1.31,0.03
20200714,1.35,2.52,2.59,2.6,2.22,1.24,1.02,0.95,1.36,1.7,0.16,1.03,0
20200715,3.1,3.86,3.34,4.52,2.35,2.49,3.71,0.83,4.39,2.99,3.6,4.03,-0.02
20200716,0.53,0.69,0.47,-0.63,-0.07,-0.05,0.66,0.29,0.21,0.19,-0.32,0.21,0.01
20200717,-0.04,-0.35,-0.13,-1.58,1.09,1.49,1.4,1.58,0.52,2.53,-0.99,0.46,0.01
20200720,-1.42,0.06,-1.12,-0.86,-1.58,1.67,-1.3,-1.65,-1.25,2.15,-1.02,-0.73,-0.01
20200721,2.4,1.59,1.92,8.22,2.01,0.09,0.72,1.56,2.73,0.03,3.2,1.41,0.04
20200722,0.2,0.63,0.57,0.98,0.39,0.31,-0.5,0.78,0.91,-0.71,-0.54,0.43,0
20200723,0.33,-0.35,0.47,0.03,0.34,-0.67,0.72,0.24,-0.1,-1.41,0.43,-0.26,0.05
20200724,-0.56,-0.81,-1.23,-0.77,-0.93,-1.22,0.73,-0.85,-0.26,-1.45,-0.81,-1.13,0.01
20200727,0.56,1.44,1.05,-2.11,2,1.94,-0.93,-1.53,0.43,1.44,-0.59,0.83,0.12
20200728,0.07,1.12,-1.14,-1.92,-1.39,-0.58,-0.26,1.22,-0.55,-1.65,-0.26,-0.63,0.06
20200729,2.1,3.69,1.76,1.44,2.26,2.84,0.79,0.99,2.79,-0.23,1.96,1.95,0.02
20200730,-1.1,-1.25,-0.82,-2.21,-1.34,1.04,0.08,-0.77,-0.39,1.67,-1.02,-0.24,0.34
20200731,-0.64,-1.95,-1.66,-1.01,-0.61,0.03,-1.54,-0.36,-1.25,-1.97,-0.93,-1.18,0.26
20200803,0.58,2.3,2.35,1.47,1.5,2.7,0,-0.48,0.77,2.93,0.69,2.05,0.38
20200804,0.99,1.64,0.86,3.29,1.26,1.3,1.12,1.26,1.89,0.75,-0.11,1.17,-0.29
20200805,1.18,1.88,2.36,1.85,2.54,0.98,0.2,-0.61,1.35,1.39,2.05,2.07,0.2
20200806,-0.11,0.4,-0.36,-2.58,-0.09,-0.11,0.35,0.61,0.04,-0.65,-0.2,0.9,0.27
20200807,1.18,1.46,1.73,0.66,1.58,0.08,0.39,2.51,1.66,0.7,2.97,0.77,-0.2
20200810,1.27,2.57,2.28,4.17,2.6,-0.23,1.73,0.69,1.75,1.84,1.49,1.97,0.14
20200811,0.02,0.16,-0.08,-1.07,0.29,-1.43,0.42,-1.88,0.29,-2.67,0.69,0.18,-0.14
20200812,0.57,1.39,0.45,0.98,0.97,0.26,-0.09,1.38,1.54,-0.49,0.11,0.33,0
20200813,-0.21,0.06,-0.46,-1.69,-0.47,0.91,0.07,-0.98,0.47,0.45,-0.95,0.05,-0.01
20200814,0.15,-0.15,0.23,0.64,-0.26,-0.74,0.07,0.08,0.57,-0.77,0.58,0,0.03
20200817,0.4,0.44,-0.36,-0.94,0.97,0.44,-0.78,-0.54,0.83,1.6,-1.05,0.41,0.19
20200818,-0.71,-0.53,-1.21,-2.04,-1.13,-0.09,-1.27,-0.88,-0.88,-0.39,-1.66,-0.67,0.02
20200819,-0.2,0.85,-0.1,-0.93,-0.89,0.11,0.66,-0.22,0.28,-0.02,0.43,-0.3,-0.08
20200820,-0.87,-0.43,-1.19,-2.62,2.17,-0.41,-0.67,-1.05,-0.47,-0.4,-1,-0.35,0.13
20200821,-0.74,-1.03,-0.9,-3.25,-1.98,-1.1,-1.68,-0.22,-0.91,-1.54,-0.84,-0.64,-0.06
20200824,1.51,0.97,1.18,2.41,2.17,0.06,0.76,1.3,1.76,-2.47,1.92,1.33,0.02
20200825,-0.03,-0.19,0.1,1.28,-0.12,0.85,0.81,-0.89,-0.19,1.48,0.09,0.09,-0.09
20200826,-0.47,-0.2,-0.61,-2.26,-0.92,0.52,0.32,-1.75,-0.17,-0.84,-1.18,-0.28,-0.04
20200827,0.61,0.31,0.1,1.46,-0.21,-0.81,0.05,0.77,0.76,-1.45,0.9,0.48,-0.13
20200828,1.08,0.89,1.02,1.89,1.58,1.2,1.04,0.39,1.59,1,0.68,1.36,0.04
20200831,-1.46,-1.35,-1.91,-3.1,-2.35,-0.55,-1.84,-0.24,-1.37,0.66,-1.44,-1.79,0.08
20200901,0.88,1.15,1.44,-1.54,2.09,1.48,0.21,-1.49,1.86,-1.83,0.66,1.13,0.07
20200902,2,0.93,1.04,-2.27,1.67,0.85,1.85,1.9,0.74,0.49,0.81,0.65,-0.06
20200903,-1.86,-2.56,-2.3,-0.58,-2.62,-4.91,-2.25,-0.82,-2.5,-3.44,-0.74,-2.53,-0.1
20200904,-0.3,-0.81,-0.08,-0.39,0.37,-1.7,-0.67,-0.54,-0.2,-1.63,0.92,-0.35,0.08
20200908,-0.92,-1.64,-1.92,-4.96,-1.73,-2,-1.14,-0.59,-1.04,0.45,-2.14,-1.1,-0.12
20200909,0.55,1.59,0.49,0.42,1.42,1.95,0.8,0.48,1.14,2.4,0.14,1.04,0.06
20200910,-0.42,-0.19,-1.28,-3.98,-0.35,-1.19,-1.35,-1.92,-0.9,-0.44,-0.97,-0.83,0.01
20200911,-0.21,0.15,0.19,-0.33,-0.27,-0.71,-0.33,-0.37,-0.75,-0.58,-0.36,-0.76,-0.06
20200914,1.67,2.47,1.7,2.95,1.5,1.97,1.26,1.98,2.03,4.73,1.77,1.71,0.05
20200915,0.05,0.25,0.36,1.31,0.19,0.85,0.21,-0.37,-0.06,0.87,-0.94,0.22,0.04
20200916,0.34,-0.15,1.32,4.07,0.61,0.26,1.85,1.25,0.67,1.22,0.66,0.73,-0.06
20200917,-0.53,-0.18,0.44,1.35,1.37,-0.7,-1.65,-0.49,-0.51,0.54,-0.18,-0.34,0.02
20200918,-0.81,0.11,0.06,-0.57,-0.58,0.1,-0.86,-1.19,-0.24,1.12,-0.39,-0.48,0.01
20200921,-2.73,-3.84,-4.38,-5.08,-3.02,-1.24,-3.51,-1.19,-2.95,-3.12,-3.85,-3.56,-0.09
20200922,0.57,0.47,0.55,-1.02,0.42,0.86,-0.38,0.38,1.24,-0.4,-0.86,0.37,0.03
20200923,-2.23,-2.61,-2.85,-4.88,-3.68,-2.79,-3.03,-2.39,-3.05,-3.86,-2.35,-2.7,-0.14
20200924,-0.32,-0.49,0.76,0.2,-0.11,0.19,0.38,0.95,-0.05,-1.33,0.59,0.19,-0.06
20200925,0.9,1.41,1.17,-0.56,1.03,2,2.9,1.39,0.36,2.65,1.26,1.43,-0.03
20200928,1.61,3.26,2.64,3.36,1.98,2.47,1.11,0.77,2.61,0.57,2.59,2.99,-0.06
20200929,-0.75,-0.26,-0.49,2.47,0.33,0.49,0.49,-0.3,-0.74,1.06,-0.15,-0.37,-0.27
20200930,0.76,0.43,-0.16,-3.01,0.18,-0.22,-1.15,0.51,0.41,0.28,0.14,-0.06,-0.1
20201001,1.43,1.91,0.98,-2.2,0.43,1.62,0.5,0.31,2.06,0.58,0.91,0.83,-0.08
20201002,1.07,0.41,1.16,2.12,1.45,-0.78,1.26,1.36,1.13,-0.62,1.71,0.85,0.21
20201005,1.41,2.82,2.45,3.18,2.5,1.86,1.12,1.42,1.98,3.44,2.23,1.73,0.02
20201006,-0.68,-0.95,0.45,-1.55,0.23,0.08,-0.57,0.66,-0.94,-0.63,-0.23,-0.17,0.02
20201007,2.04,3.03,3.45,3.13,2.08,2.23,1.89,0.81,2.56,2.61,2.29,2.15,0.03
20201008,0.78,0.55,0.87,6.4,1.02,1.1,0.77,1.96,1.52,1.33,1.24,0.96,0.17
20201009,0.64,1.11,0.25,-2.35,-0.06,1.21,-0.29,-0.28,0.57,0.48,0.03,0.41,0.06
20201012,0.68,0.98,0.32,-1.38,-0.03,0.61,0.29,1.02,0.55,-0.29,1.22,0.37,0.12
20201013,-0.32,0.07,-1.11,-2.25,-0.88,0.07,-0.9,-0.92,-0.05,0.79,-1.89,-1.04,-0.05
20201014,-0.46,-0.32,-0.07,0.5,0.94,-0.5,-0.97,-0.19,-0.48,-1.39,-0.83,-0.17,0
20201015,1.12,0.08,1.11,0.69,0.14,0.24,0.2,0.44,1.52,-0.12,1.62,0.77,-0.03
20201016,-0.26,0.97,0,-2.53,0.3,-0.26,0.16,0.04,-0.26,0.43,0.01,0.18,-0.11
20201019,-0.39,-0.96,-0.94,-2.47,-0.48,-0.72,-1.84,-0.67,-0.66,-1.47,-0.77,-1.03,0.08
20201020,-0.02,0.66,0.3,1.53,0.3,0.08,0.53,0.72,0.04,-1.07,1.2,0.65,-0.02
20201021,-0.1,-0.95,-0.93,-0.98,0.05,0.04,0.22,0.19,-1.02,-1.4,0.26,-0.46,0.11
20201022,2.13,1.43,0.77,3.55,0.42,0.64,1.11,1.98,1.27,1.42,1.87,0.66,-0.04
20201023,0.74,1.05,0.84,0.45,0.71,0.89,-0.33,0.61,0.61,0.51,0.8,0.46,-0.08
20201026,-2.24,-2.63,-2.59,-4.06,-3.01,-2.34,-2.72,-0.82,-2.52,-2.31,-1.7,-2.69,-0.01
20201027,0.1,-0.66,-1.6,-1.37,-1.51,-0.35,-1.01,-0.47,-1.11,-0.15,-1.85,-1.41,0.06
20201028,-3.37,-3.16,-2.93,-5.35,-2.73,-3.33,-3.02,-3.33,-2.88,-2.88,-2.05,-3.18,-0.07
20201029,0.71,1.09,1.77,1.24,1.98,1.27,1.8,0.16,0.39,0.84,1.51,1.28,0.01
20201030,-2.19,-2.08,-1.02,-0.77,-1.47,-2.28,-1.02,-0.85,-1.58,-2.4,-0.3,-0.93,-0.08
20201102,1.65,3.03,2.47,3.16,2.31,0.83,1.38,1.97,2.1,0.43,2.11,2,0.05
20201103,2.59,2.71,2.69,1.35,1.75,2.68,4.15,1.63,2.87,2.66,2.56,2.83,-0.07
20201104,-1.12,-1.59,-2.27,-1.97,-1.99,1.48,-0.75,-1.92,-0.43,2.12,-2.75,-0.01,0.02
20201105,2.66,4.03,3.53,1.37,4.72,3.27,3.28,1.09,3.18,1.31,2.39,2.59,0.07
20201106,-0.94,1.12,-0.69,-1.77,-0.45,-0.3,-0.58,-1.26,-0.21,-1.44,-1.51,-0.93,-0.04
20201109,2.61,0.94,4.26,12.21,2.17,0.76,3.6,4.24,3.77,1.42,8.28,4.36,-0.01
20201110,1.95,1.49,2.37,1.98,2.16,-0.2,2.15,3.28,1.42,1.79,2.61,1.99,-0.05
20201111,0.62,0.33,-0.15,-0.17,-0.02,1.33,-0.15,0.01,-0.17,1.5,-1.17,-0.31,0.02
20201112,-1.22,-1.01,-1.44,-3.82,-2.14,-1.01,-0.9,-2.53,-1.76,0.12,-2.09,-1.46,-0.08
20201113,1.98,2.61,2.5,3.8,2.06,1.48,2.09,1.81,1.94,1.2,2.12,2.22,-0.04
20201116,2.72,2.65,3.28,6.44,2.1,1.5,2.48,1.45,2.78,0.23,3.28,2.63,0.03
20201117,0.75,0.57,0.65,1.62,0.16,0.65,0.87,-0.84,0.28,0.23,-0.15,0.19,0.19
20201118,-0.54,0.71,-0.31,0.22,-1.45,-0.44,-0.92,-2.26,0.13,-1.07,-0.85,-0.11,-0.08
20201119,0.72,2.13,0.77,3.49,0.69,1.57,0.45,-0.21,1.15,1.04,0.2,0.9,0.05
20201120,-0.01,0.29,0.09,-1.66,0.16,0.77,1.09,-0.08,-0.09,0.84,-0.36,0.09,0.08
20201123,1.65,3.74,3.6,7.82,3.45,2.32,2.6,1.28,2.91,0.38,1.41,2.52,0.16
20201124,2.16,2.39,2.81,6.72,3.35,0.81,2.01,2.42,2.33,0.47,3.61,2.35,0.06
20201125,-0.81,-0.58,-0.42,-0.96,-0.89,0.92,-0.35,-0.3,-0.39,0.94,-0.84,0.13,-0.03
20201127,0.16,0.45,0.1,-0.5,0.3,1.32,0.64,-1.08,0.67,2.57,-0.66,0.31,-0.13
20201130,-1.32,0.17,-2.31,-6.05,-1.32,0.18,-1,-2.1,-1.63,0.68,-2.52,-1.52,0.17
20201201,0.88,0.17,0.97,-0.04,0.73,0.26,1.33,0.45,0.66,-0.16,1.47,0.71,-0.04
20201202,-0.4,-0.03,0.36,3.38,0.34,0.14,0.43,0.59,0.3,0.42,0.84,0.15,-0.06
20201203,2.51,1.29,0.72,1.17,0.98,0.93,0.17,-0.64,0.6,0.3,0.51,1.01,-0.03
20201204,1.5,2.11,3.1,6.75,3.01,1.99,1.66,0.92,1.37,1.75,2.22,2.09,-0.03
20201207,-0.16,-0.61,-0.31,-1.56,-0.61,0.69,-0.22,-0.21,-0.62,0.09,-0.3,0.24,-0.02
20201208,0.76,0.92,0.97,3.23,0.59,0.91,0.45,0.1,1.02,2.32,0.8,0.62,-0.07
20201209,-0.53,0.53,-0.65,-0.84,-0.76,-1.91,-0.71,0.17,-0.3,-1.71,-0.09,-0.34,-0.05
20201210,-0.07,-0.15,0.39,6.44,-0.15,1.53,0.32,0.22,-0.06,2.33,0.49,0.5,0.1
20201211,-0.47,-0.79,-0.46,-1.17,-0.73,-0.14,-0.18,0.69,-1.12,-0.28,-0.58,-0.56,-0.03
20201214,-0.42,-0.78,-0.81,-3.06,-0.93,0.5,-1.07,-0.89,-0.96,0.9,-0.45,-1.04,0.08
20201215,1.2,3.61,2.82,2.24,1.65,1.57,1.52,2.27,2.3,1.13,2.15,2.01,0.03
20201216,0.11,-0.23,-0.75,-1.06,-0.12,0.37,-0.37,-1.42,0.11,-0.34,-0.26,-0.24,0.16
20201217,0.87,0.98,0.67,0.66,1.19,1.79,0.03,0.4,1.09,1.43,0.78,1.33,0.07
20201218,-0.82,-0.18,-0.52,-1.32,0.35,0.4,-1.34,-1.32,-0.88,0.01,-0.69,-0.2,0
20201221,-0.32,0.08,-0.05,-1.2,0.31,0.34,-0.44,-2.1,-0.18,1.04,-0.48,-0.02,0
20201222,-0.09,1.27,0.56,-1.69,0.74,1.86,0.65,0.36,0.75,1.21,-0.39,0.54,-0.04
20201223,1.56,0.75,1.35,4.26,1.21,0.27,2.07,0.53,1.18,1.85,1.53,1.29,-0.12
20201224,-0.01,-0.09,-0.03,-1.19,0.24,-0.13,0.12,0.41,-0.15,-0.74,-0.18,1.14,-0.13
20201228,0.35,-0.3,0.18,-0.55,0.29,0.59,1.45,0.16,0.55,-1.31,0.6,1.8,0.1
20201229,-0.82,-0.99,-1.39,-0.68,-1.12,-1.23,-0.84,-0.61,-1.22,-1.95,-0.98,-1.42,-0.05
20201230,0.68,1.22,1.44,2.08,1.59,1.53,-0.14,0.49,0.72,2.03,0.78,0.84,0.07
20201231,0.35,-0.67,0.09,-0.71,0.49,-0.27,0.12,1.04,-0.21,-1.03,0.31,0.22,-0.07
20210104,-1.2,-1.43,-1.25,1.1,-0.52,-1.16,-0.57,-1.5,-0.81,2.2,-1.17,-1.4,0.08
20210105,1.37,2.22,2.91,8.63,3.65,1.89,1.24,0.37,2.44,2.07,1.05,2.12,0.13
20210106,2.58,3.93,4.31,1.43,3.2,0.94,4.75,3.08,3.77,0.86,4.75,2.91,0.12
20210107,0.87,2.17,2.6,2.14,1.72,3.7,-0.64,-1.34,1.22,2.99,1.08,2.07,0.13
20210108,-0.58,-0.49,-0.71,-0.52,-0.66,0.91,0.29,-0.01,-0.54,0.85,-0.46,-0.3,-0.07
20210111,0.3,0.7,0.68,1.87,0.28,0.04,0.31,-0.09,0.77,0.97,0.22,0.19,-0.12
20210112,1.43,2.83,2.76,6.1,2.18,1.39,1.6,0.71,2.45,1.45,1.53,2.15,0.03
20210113,-0.22,-0.61,-1.14,-1.35,-0.21,-0.19,-0.61,0.84,-0.24,0.14,-0.89,-0.46,0.02
20210114,1.34,1.45,1.91,3.17,1,1.75,3.11,-0.07,2.45,2.61,1.19,1.83,0.07
20210115,-0.81,-2.12,-1.44,-2.28,-1.06,-1.52,-0.08,0.99,-1.19,-0.41,-1.01,-1.16,-0.14
20210119,0.64,1.44,1.47,2.69,2.1,2.5,2,-0.85,0.86,3.84,0.44,1.73,0.07
20210120,0.77,1.35,0.58,-0.75,-0.49,0.84,0.65,-0.6,0.64,1.78,-0.2,1.17,-0.09
20210121,1.28,1.61,-0.12,-3.34,-0.95,0.01,-0.08,-0.81,0.2,-0.24,-1.02,0.03,-0.08
20210122,0.98,0.8,1.01,1.06,1,1.06,0.83,0.32,1.14,1.76,1.14,0.67,0.05
20210125,0.86,0.87,-0.3,0.39,2.22,0.18,1.99,1.06,1.43,2.01,-0.62,-0.16,0.02
20210126,0.96,1.15,-0.52,-2.32,-1.19,-0.22,2.04,-0.73,1.36,-0.6,-0.54,-0.13,-0.04
20210127,-1.07,4.95,-3.07,-0.73,-2.7,-2.51,-0.94,-1.5,0.54,-3.86,-2.73,-1.87,-0.07
20210128,-0.86,-1.35,0.5,16.86,0.15,0.42,-1.01,0.6,-1.26,-0.11,1.02,0.78,0.09
20210129,-1.03,-1.29,-2.06,-5.92,-2.55,-1.58,-1.7,-0.37,-0.98,-0.22,-1.2,-1.86,0.06
20210201,1.45,1.87,2.48,2.4,3.61,2.81,1.43,0.95,1.32,2.85,1.57,3.32,-0.03
20210202,0.81,0.9,1.48,2.23,1.22,2,0.31,0.67,0.27,2.73,1.72,1.01,0.02
20210203,1.5,2.51,2.05,4.86,1.53,0.61,1.19,-0.11,1.98,2.17,0.42,1.08,0.01
20210204,1.78,1.8,1.6,0.77,0.3,2.01,1.84,0.82,2.25,2.6,2.23,2.05,0.03
20210205,1.23,0.67,0.81,1.69,1.48,1.77,1.98,0.74,1.04,1.81,0.72,1.21,0
20210208,1.8,3,2.88,6.32,3.27,3.16,2,0.1,2.49,5.81,1.89,3.32,0.08
20210209,1.62,0.75,0.94,-0.16,0.82,1.42,2.39,0.45,0.59,1.41,0.77,0.78,0.05
20210210,0.34,-1.02,-0.03,4.46,-0.38,-0.53,0.52,0.59,0.13,-0.03,-0.21,0.63,-0.04
20210211,-0.59,-0.05,0.1,-2.85,0.2,0.86,-0.99,-0.58,0.38,-0.87,-0.08,0.12,0.08
20210212,0.38,0.26,0.77,2.71,0.33,0.87,1.27,-0.38,0.2,0.06,0.39,0.48,-0.02
20210216,0.14,-0.12,0.66,5.84,0.81,1.53,0.15,-0.36,0.01,0.34,0.87,0.25,0.1
20210217,-0.43,-0.62,-1.04,-0.16,-1.4,-1.19,0.84,0.48,-1.01,-0.81,-0.11,0.62,0.08
20210218,-0.94,-2.42,-2.16,-3.79,-2.33,-1.41,-2.08,-0.42,-1.02,-2.79,-1.05,-1.51,0.07
20210219,0.37,2.55,2.57,1.76,2.31,1.68,0.13,-0.05,1.69,1.43,1.89,2.04,0.16
20210222,0.28,0.91,0.39,3.94,0.95,-2.56,-0.87,-1.54,0.39,-2.69,1.1,0.05,-0.11
20210223,-1.41,-2.92,-0.82,-1.25,-1.47,-2.6,-0.84,0.87,-1.8,-3.97,-0.03,-1.58,-0.15
20210224,1.64,3.75,3.02,4.85,2.57,2.21,1.55,0.13,2.99,2.54,2.11,2.76,-0.03
20210225,-2.11,-3.37,-3.37,-4.01,-3.48,-4.17,-3.38,-1.48,-3.5,-3.94,-2.08,-3.4,-0.09
20210226,-1,-0.67,-1.11,-2.43,-0.91,-0.1,0.33,-2.35,-0.3,-0.77,-1.17,-0.84,-0.03
20210301,2.64,4.5,4.28,2.09,4.16,4.02,3.81,2.13,3.88,3.08,3.03,2.95,0.1
20210302,-0.38,-1.56,-1.45,-1.58,-0.52,-1.8,0.11,-0.71,-0.87,-1.26,-0.73,-0.64,0.07
20210303,-0.2,-1.05,-0.59,1.99,-0.69,-2.8,-0.23,-0.25,-0.25,-3.13,1.6,-0.63,0.05
20210304,-2.36,-5.07,-3.2,-0.48,-4,-4.58,-2.43,0.31,-2.79,-5.43,-0.97,-3.4,-0.05
20210305,2.05,1.88,2.22,4.13,2.53,0.76,2.8,2.33,2.17,1.47,2.42,1.81,-0.05
20210308,1.88,1.15,1.8,-0.58,1.63,-1.44,2.74,1.43,2.76,-0.77,2.36,1.71,-0.05
20210309,1.14,1.98,1.34,-1.13,1.61,5.01,0.98,0.02,0.81,5.4,0.04,1.91,0.11
20210310,1.25,3.12,1.87,4.04,1.9,0.64,2.31,1.76,1.88,0.52,1.74,1.73,0.06
20210311,0.65,3.6,1.6,1.6,1.18,3.87,0.71,-0.42,1.98,4.18,0.88,2.38,-0.03
20210312,1.02,1.98,0.95,-0.2,1.03,0,1.5,1.28,1.44,0.42,0.89,0.78,-0.02
20210315,0.96,0.28,0.56,-0.88,0.42,1.34,0.1,1.23,1.94,1.43,-0.43,1.48,0.04
20210316,-1.44,-2.25,-2.11,-4.05,-1.37,-1.28,0.04,-0.31,-1.27,-1.57,-1.29,-2.07,-0.03
20210317,0.43,1.21,1.03,0.41,0.86,1.49,0.53,-1.82,0.8,1.38,0.19,1.48,0.03
20210318,-1.07,-2.82,-2.05,-5.99,-1.57,-3.24,-1.84,-0.59,-1.77,-3.41,-0.13,-2.01,0.01
20210319,0.59,0.65,-0.09,2.43,0.95,1.2,-0.38,1.02,1.08,1.84,0.68,0.51,0.04
20210322,-0.48,-1.19,-1.18,-1.82,-0.57,0.92,0.63,-1.08,-1.2,0.02,-2.09,-0.93,-0.05
20210323,-3.09,-3.95,-4.01,-4.77,-3.61,-3.04,-3.17,0.03,-3.52,-4.63,-2.38,-2.37,-0.09
20210324,-1.58,-3.25,-0.97,1.62,-0.35,-3.13,-3.92,0.81,-2.2,-4.47,-0.53,-1.54,0
20210325,1.85,3.25,2.22,0.42,1.93,1.1,1.67,1.18,3.15,2,1.72,1.97,-0.03
20210326,1.52,0.42,2.17,2.48,1.43,1.61,-1.76,1.08,1.59,-0.93,1.42,1.52,0.03
20210329,-1.59,-3.17,-2.26,-3.5,-1.73,-2.51,-1.65,0.77,-2.15,-3.49,-1.78,-2.36,0.03
20210330,0.61,2.21,1.96,0.38,0.71,0.69,1.22,-0.96,1.34,1.1,1.17,1.49,0.04
20210331,0.13,1.09,1.16,0.55,0.48,2.22,0.29,0.49,0.48,3,-0.53,0.97,0.04
20210401,0.94,1.67,1.51,4.87,2.02,2.42,1.65,0.3,1.48,1.54,1.26,2.52,-0.04
20210405,1.1,0.62,0.52,-3.14,0.22,0.84,0.46,0.75,0.77,0.22,0.6,0.79,0.04
20210406,0.35,0.59,0.17,0.39,-0.09,0.09,-0.25,0.23,0.4,-1.23,-0.21,-0.06,0.08
20210407,-0.73,-1.65,-1.69,-0.15,-1.55,-1.54,-0.91,-0.23,-0.98,-2.13,-0.79,-1.42,-0.03
20210408,0.33,0.67,0.25,-1.47,0.2,1.23,1.23,-0.32,0.65,1.15,0.57,0.64,-0.02
20210409,0.04,-0.02,0.17,-1.48,0.43,-0.18,-0.26,-0.27,0.68,-1.13,0.43,0.13,0
20210412,0.52,-0.82,-0.33,-2.2,-0.25,-0.94,-1.1,0.19,-0.2,-3.19,0.02,-0.73,0.03
20210413,-0.77,-0.59,-1,-0.26,-0.43,0.28,0.11,0.58,-1.12,0.31,-0.9,-0.73,0.13
20210414,0.5,0.08,0.7,3.91,1.05,-0.61,-0.09,0.65,0.37,0.95,0.73,0.37,0.03
20210415,0.23,-0.92,-0.42,-2.01,-0.04,0.16,0.03,0.98,0.11,-0.65,0.25,-0.3,0.08
20210416,0.52,0.57,0.42,-2.78,0.48,-0.54,0.19,0.29,0.31,-1.49,0.33,0.28,-0.08
20210419,-0.89,-1.14,-0.77,-0.24,-0.05,-1.75,-0.64,-0.37,-0.86,-1.84,-0.6,-1.53,-0.19
20210420,-1.02,-2.05,-2.37,-4,-2.12,-1.93,-1.43,0.57,-2.07,-1.22,-1.98,-1.99,-0.01
20210421,1.79,3.18,2.89,1.93,2.19,2.27,1.99,0.17,1.86,4.09,1.59,1.83,-0.01
20210422,-0.17,-0.82,-0.28,-0.04,-0.69,0.14,0.37,-0.54,0.15,0.86,-0.77,-0.01,-0.13
20210423,1.05,3.03,2.13,1.46,1.42,2.4,1.01,0.06,1.56,1.11,2.11,1.82,0.03
20210426,-0.11,1.59,1.19,2.61,1.14,1.93,1.29,-0.47,0.03,3.05,0.32,1.14,0.06
20210427,0.68,0.11,0.17,1.25,0.11,-0.48,-0.2,-0.82,0.6,-0.86,0.21,0.21,0.02
20210428,-0.02,0.36,0.15,3.92,0.54,0.29,-0.35,0.52,0.2,1.1,0.13,0.19,-0.01
20210429,0.51,-1.05,-0.22,-0.04,0.31,-1.1,0.55,0.74,0.61,-1.54,0.5,0.07,-0.06
20210430,-0.84,-1.89,-1.4,-3.4,-1.56,-1.65,-0.74,0.23,-0.94,-0.73,-0.44,-1,0.07
20210503,1.5,1.16,1.38,3.91,1.32,-0.52,0.26,0.65,1.94,-0.17,1.51,0.97,0.11
20210504,-0.39,-1.46,0.02,0.4,0.16,-2.06,-1.02,-0.45,-0.69,-3.03,-0.32,-0.85,-0.09
20210505,0.27,0.19,0.02,3.14,0.6,-0.62,-0.13,-0.9,0.19,-0.94,0.16,-0.22,0.11
20210506,0.09,0.5,0.05,-0.5,-0.62,-0.89,0.65,0.65,0.59,-2.16,0.27,-0.75,-0.1
20210507,0.71,1.34,1.61,2.71,1.02,1.4,1.29,0.59,1.02,1.52,0.7,1.46,0.11
20210510,-1.11,-2.42,-1.62,-0.98,-1.89,-3.19,-0.5,0.45,-1.15,-3.3,-1.05,-1.5,-0.08
20210511,0.03,-0.11,-0.28,-0.33,0.94,0.45,-0.43,-0.89,-0.96,0.78,-0.77,-0.96,0.02
20210512,-2.71,-3.12,-3.25,0.52,-3.58,-3.17,-1.98,-2.04,-3.88,-1.5,-1.85,-3.22,-0.01
20210513,1.78,1.08,1.73,-2.82,0.57,-0.22,0.98,1.79,1.59,-1.92,2.09,1.08,-0.17
20210514,1.63,2.12,2.17,3.65,1.78,3.31,2.34,0.83,3.11,3.03,1.71,2.69,0.13
20210517,0.51,0.79,0.58,4.36,1.29,-0.22,-0.29,-0.33,1.12,0.77,0.27,0.47,-0.15
20210518,-0.35,-0.38,-0.84,-1.38,-0.5,0.71,0.2,-0.16,-0.62,2.06,-0.9,-0.11,-0.04
20210519,-0.88,-1.34,-0.98,-2.29,-1.27,0.16,-0.09,-0.26,-1.33,-0.83,-0.3,-0.84,-0.13
20210520,0.66,0.48,0.39,0.17,0.4,1.84,2.37,0.58,0.43,1.71,0.59,0.77,0.07
20210521,0.55,0.84,0.61,0.76,0.77,0.08,0.02,0.41,0.46,0.72,0.76,0.53,-0.16
20210524,0.25,0.19,0.23,1.12,0.19,0.76,0.09,0.12,0.45,-1.15,0.1,0.44,0.06
20210525,-1.06,-0.79,-1.26,-2.68,-1.39,-0.69,-1.53,-1.33,-0.93,-1.08,-1.74,-1,0
20210526,1.59,2.79,1.68,2.34,1.97,1.61,1.17,0.59,2.63,2.08,1.4,1.71,0
20210527,1.11,1.91,1.61,3.21,1.3,0.79,2.23,-0.36,1.27,1.23,1.03,1.36,0.01
20210528,-0.12,-0.54,-0.01,0.06,-0.35,0.34,0.02,0.21,0.04,-0.21,0.19,-0.53,-0.05
20210601,0.89,2,1.64,6.28,1.69,0.7,1.09,0.67,1.32,0.57,0.88,1.45,-0.05
20210602,0.52,0.94,-0.45,3.04,-0.34,0.53,1.1,0.43,0.46,-0.06,-0.24,-0.2,0.04
20210603,-0.62,0.78,-0.29,0.49,-0.08,-0.87,0.59,0.7,-0.85,0.22,0.2,-0.55,0.04
20210604,0.64,0.15,0.54,0.5,0.52,1.5,0.35,0,0.13,0.49,-0.06,0.39,-0.04
20210607,1.13,0.99,0.3,-0.37,0.73,1.04,1.27,1.12,1.35,3.14,0.48,0.65,-0.04
20210608,0.43,1.36,0.89,1.03,0.69,0.99,0.66,0.79,1.82,0.68,0.31,0.75,-0.14
20210609,-0.54,-1.15,-0.86,-0.58,-0.23,-0.31,-0.44,0.33,-1,1.04,-0.75,-0.47,0.1
20210610,-0.82,-1.82,-1,-0.83,-1.23,0.43,-0.87,0.49,-1.09,0.82,-0.87,-0.98,0.03
20210611,0.86,1.09,0.83,1.67,0.52,0.79,1.27,0.55,0.86,0.44,0.6,0.75,-0.01
20210614,-1.07,-1.27,-0.71,-0.81,-1.3,0.88,-0.18,-0.42,-0.94,0.88,-0.89,-0.6,0.09
20210615,-0.64,-0.43,0.06,2.39,-0.35,-1.3,-0.87,0.25,-0.79,-1.91,0.74,-0.17,0.01
20210616,-0.56,-1.03,-0.47,0.24,-0.21,-0.06,-0.08,-1.04,-0.6,-0.09,0.3,-0.55,-0.06
20210617,-1.02,-2.51,-2.08,-4.49,-1.93,0.3,-0.69,-0.62,-1.58,0.43,-2.09,-1.28,-0.04
20210618,-1.72,-1.96,-1.93,-1.18,-1.64,-1.43,-2.1,-3.06,-1.95,-1.35,-2.22,-1.55,-0.07
20210621,1.89,2.81,2.07,6.98,1.5,0.42,1.78,1.85,2.04,0.16,1.98,1.56,-0.08
20210622,0.64,-0.24,0.48,-0.71,0.04,0.76,0.97,-0.81,0.76,-0.34,-0.09,0.31,-0.05
20210623,0.23,1.37,0.48,0.87,0.35,0.95,0.59,-0.8,0.83,1.14,0.19,0.42,0.05
20210624,0.69,0.68,1.66,1.71,0.62,1.53,1.88,0.56,1.06,1.62,1.22,1.24,0.05
20210625,0.41,0.28,0.02,-0.07,0.47,0.32,0.84,1.31,0.03,1.01,0.38,-0.08,-0.09
20210628,-0.56,-0.6,-0.76,-4.09,-0.51,0.8,-1.04,-0.15,-0.55,-0.47,-1.14,-1.12,0.09
20210629,-0.17,-0.32,-0.43,-1.01,-0.49,0.56,-1.14,-1.23,0.53,-1.72,-0.4,-0.35,0.04
20210630,0.51,0.44,0.81,2.3,0.24,-1.02,0.51,0.22,0.76,-0.71,0.01,0.24,-0.04
20210701,0.25,0.15,0.46,2.46,0.79,-0.14,0.96,1.12,0.25,0.62,0.78,0.38,0
20210702,-0.66,-1.26,-0.76,-1.61,-0.68,-0.24,0.3,-0.03,-0.85,-1.4,-0.54,-0.49,0.02
20210706,-1.1,-1.65,-1.43,-3.98,-1.49,0.17,-0.17,-0.58,-1.28,-1.66,-1.65,-1.19,0.11
20210707,-0.65,-1.29,-0.78,-1.93,-0.48,-1.44,-1.85,0.51,-0.97,-1.77,-0.42,-0.64,0.07
20210708,-0.78,-0.06,-1.1,-0.06,-0.96,-1.08,-0.85,-0.44,-0.79,0.26,-1.13,-0.87,-0.08
20210709,1.69,2.03,2.36,2.96,2.29,1.69,2.19,0.93,2.54,1.71,2.23,1.58,0.03
20210712,0.23,0.45,0.48,-0.34,0.78,-0.16,5.7,0.01,0.22,-0.37,0.92,0.02,-0.07
20210713,-1.24,-2.14,-1.68,-1.48,-1.77,-1.22,-1.9,-0.78,-1.48,-1.86,-1.38,-1.23,0
20210714,-0.82,-1.88,-1.2,-3.12,-0.93,-1.72,-2.16,0.04,-1.37,-3.09,-0.37,-1.11,0.04
20210715,-0.04,-0.15,-0.75,-2.86,-0.69,-1.18,-0.89,0.87,-1.16,-0.98,0.66,-0.29,0.02
20210716,-1.65,-2.27,-1.68,-3.99,-1.63,-0.97,-1.44,0.17,-1.32,-0.57,-1.39,-1.23,-0.04
20210719,-0.95,-1.3,-1.64,-3.78,-2.09,-0.41,-1.13,-2.16,-1.49,-0.13,-2.19,-1.18,-0.09
20210720,2.01,3.7,2.91,2.29,2.75,2.01,1.67,1.41,3.01,2.47,1.96,1.96,-0.06
20210721,1.16,1.09,2,4.34,1.23,2.09,1.77,-0.22,1.88,2.35,1.54,1.41,0.09
20210722,-1.07,-2.11,-1.22,-1.28,-1.2,-0.62,-0.95,-0.29,-0.71,-1.63,-1.18,-0.75,-0.04
20210723,0.35,0.34,0.17,-1.47,0.43,0.18,0.11,1.14,0.25,-0.81,0.47,0.13,0.05
20210726,0.95,0.17,0.58,2.89,1.14,-0.01,0.65,0.39,0.91,-1.63,0.52,0.29,0.2
20210727,-0.72,-2.02,-0.85,-2.77,-1.52,-1.74,-1.1,0.78,-1.24,-1.09,-0.43,-0.79,-0.09
20210728,0.27,1.4,1.19,2.01,0.86,2.08,1.01,-0.07,0.17,2.8,0.74,0.93,0.12
20210729,0.51,1.53,1.14,1.3,0.85,0.39,-0.35,0.05,1.08,-0.97,0.71,0.85,0
20210730,-0.47,-0.78,-0.37,-1.77,-0.63,-0.17,-0.56,-1.04,-0.74,-0.98,-0.52,-0.45,-0.01
20210802,1.07,-0.21,-0.65,-1.34,-0.55,0.17,-0.11,0.38,-0.12,0.91,-0.25,0.02,0.11
20210803,-0.05,-0.48,0.7,1.26,2.44,-0.56,-0.65,0.9,0.14,-0.71,0.6,0.24,-0.04
20210804,-1.62,-1.94,-2.05,-4.83,-3.07,-0.59,-1.12,-0.57,-2.15,-0.7,-0.54,-1.23,0.09
20210805,0.94,1.1,1.16,2.27,1.5,1.27,2.62,0.86,1.48,2.29,1.33,1.37,0.02
20210806,0.39,0.07,0.88,1.22,1.58,0.07,0.04,0.08,0.61,-0.36,1.66,0.3,0.11
20210809,0.26,-0.29,0.03,-0.99,0.59,0.5,-0.13,-0.13,-0.26,0.2,-0.03,-0.04,0.06
20210810,0.58,0.7,1.61,2.55,1.09,-0.93,1.21,0.25,1.73,-1.18,0.55,0.29,-0.04
20210811,0.44,0.74,0.7,1.01,0.04,-0.14,0.56,0.44,0.81,-0.47,0.75,0.66,0.08
20210812,-0.61,-0.71,-0.49,-1.24,-0.6,-0.16,-1.17,-0.16,-1.07,0.28,-0.49,-0.34,0.01
20210813,-0.5,-1.99,-1.18,-3.1,-1.33,-1.11,-0.22,0.38,-1.41,-1.63,-0.54,-0.82,0.08
20210816,-0.6,-1.07,-1.14,-2.52,-1.68,-1.44,-0.98,0.01,-0.81,-2.41,-0.4,-0.95,0.07
20210817,-1.54,-3.11,-1.92,-1.46,-1.73,-1.71,-1.46,-0.01,-1.99,0.17,-1.03,-1.45,-0.17
20210818,-1.1,-0.6,-0.42,-1.95,-0.48,0.01,-0.55,-0.98,-0.34,-0.07,-0.64,-0.45,-0.03
20210819,-0.96,-2.21,-1.65,-3.41,-1.82,-1,-1.2,-0.32,-0.93,-2.27,-0.91,-1.17,0.03
20210820,0.9,1.43,1.2,0.93,1.33,1.43,1.88,1.18,1.64,2.13,1.17,1.12,0.12
20210823,0.82,1.77,1.78,5.24,1.38,2.15,1.41,-0.49,1.01,3.73,0.75,1.72,0.09
20210824,0.99,2.32,1.22,3.02,1.58,1.53,0.65,-0.14,1.71,1.07,0.38,1.17,-0.01
20210825,0.27,-0.07,0.29,1.29,0.69,0.46,0.44,0.33,0.35,0.87,0.37,0.55,0.11
20210826,-1.45,-0.93,-0.79,-1.04,-0.72,-0.31,-0.84,-0.75,-1.05,-0.48,-0.81,-0.66,-0.04
20210827,2.14,2.24,2.13,5,2.39,2.37,2,0.99,1.56,2.38,1.9,1.56,0.06
20210830,-0.18,-0.34,-0.33,-1.18,-0.75,0.1,1.71,0.03,-0.23,-0.15,-0.81,-0.17,0
20210831,0.3,-0.08,-0.14,0.96,0.59,0.3,0.44,0.19,0,1.72,0.56,0.46,0.04
20210901,0.64,0.33,-0.01,0.22,0.48,0.35,0.39,1.04,0.37,0.85,0.22,0.28,0.05
20210902,0.04,-0.17,0.77,3.27,0.99,0.78,0.68,0.94,-0.07,1.37,0.15,0.71,-0.1
20210903,-0.47,-0.9,-0.62,0.18,-0.85,0.13,-0.58,-0.67,-0.54,-1.27,-0.43,-0.11,-0.25
20210907,-0.82,-0.6,-1,0.25,-0.5,-0.66,-0.68,-1.27,-1,-0.46,-0.76,-0.39,-0.31
20210908,-0.83,-1.57,-1.16,-1.33,-1.53,-1.53,-0.2,1.28,-1.07,-1.46,-0.75,-0.8,-0.01
20210909,0.13,0.88,-0.16,1.13,0.67,0.58,-0.41,-0.88,0.03,0.42,-0.1,0.06,0.12
20210910,-0.34,-0.82,-0.53,0.51,-0.75,-0.67,-1.14,-1.76,-1.16,-0.78,-0.83,-0.51,-0.11
20210913,-0.04,1.42,0.59,3.34,0.52,-0.1,0.4,-0.32,-0.05,-0.8,0.71,0.23,-0.07
20210914,-1.15,-1.87,-1.8,-2.22,-2.06,-1.4,-2.53,-0.85,-1.6,-1.8,-1.41,-1.06,0.02
20210915,0.6,0.72,1.22,4.13,0.84,0.61,0.88,0.27,1.19,0.75,0.83,0.63,0.11
20210916,0.18,-0.52,-0.94,-1.2,-0.29,0.62,0.03,-1.08,0.69,0.44,-0.23,0.07,-0.05
20210917,-0.07,0.94,-0.13,-1.12,-0.64,-0.2,0.39,-0.8,-0.12,1.32,0.68,0,-0.01
20210920,-1.8,-2.29,-2.27,-3.64,-2.56,-3.12,-2.19,-0.98,-1.88,-3.41,-2.16,-1.93,-0.09
20210921,-0.13,0.22,-0.41,0.16,0.28,0.18,0.64,-0.33,0.04,1.41,0,0.08,-0.04
20210922,0.82,1.89,1.48,3.12,1.67,1.68,1.19,0.45,1.62,0.6,1.17,0.88,0.09
20210923,1.04,1.27,1.72,4.25,2.05,1.75,0.93,0.44,1.46,1.66,1.97,1.29,-0.04
20210924,-0.24,0.51,-0.53,0.19,-0.51,-0.28,0.62,0.04,-0.18,-1.16,0.37,-0.06,-0.04
20210927,0.92,1.96,2.02,6.32,2.11,0.08,1.57,0.44,1.65,1.04,2.16,0.83,0
20210928,-1.15,-2.3,-1.69,-0.62,-1.81,-2.85,-1.27,-1.15,-1.61,-2.67,-1.38,-1.63,-0.07
20210929,0.16,-0.78,-0.08,0.21,-0.23,-0.99,0.18,0.92,0,-1.81,0.54,-0.43,-0.05
20210930,-1.97,-1.38,-1.1,0.1,-0.54,0.12,0.34,-1.18,-2.57,0.55,-0.64,-0.24,0
20211001,0.82,0.64,1.46,3.38,2.13,1.08,1.5,0.41,1.28,-0.1,1.37,1.07,0.06
20211004,-0.76,-0.91,-0.8,3.46,-1.14,-2.67,-0.44,1.62,-0.84,-2.51,-0.35,-1.11,0.05
20211005,0.35,-0.01,0.64,-0.21,1.11,0.84,-0.67,0.25,0.19,-0.28,0.83,0.33,0.06
20211006,-0.59,-1.57,-1.04,-3.79,-0.99,-0.11,-0.99,0.68,-0.71,-1.05,-0.16,-0.37,0.11
20211007,1.24,2.2,1.63,3.52,1.49,1.64,1.14,-0.02,1.59,1.01,0.98,1.11,-0.03
20211008,-0.91,-0.34,-0.52,2.25,-0.08,-0.84,-1.76,-0.41,-0.69,-1,0.06,-0.29,0.03
20211011,-0.53,-0.57,-0.52,0.68,0.65,-0.82,-0.68,-0.74,-0.85,0.39,-0.64,-0.64,-0.03
20211012,0.74,1.15,0.59,-0.51,1.03,0.67,0.11,0.59,0.58,1.09,0.17,0.58,-0.05
20211013,0.42,-0.13,0.08,0.13,0.49,1.46,0.09,0.9,0.33,0.58,-0.17,0.23,0
20211014,1.26,0.84,1.2,0.68,1.28,1.37,0.83,1.24,1.37,0.39,1.08,0.79,0.01
20211015,-0.47,-0.48,0.04,0,-0.19,-0.07,-1.05,-0.46,-0.41,-1.15,0.07,-0.14,-0.02
20211018,0.09,0.36,0.02,1.76,0.22,0.18,-0.53,-1.06,0.87,-1.52,0.06,-0.07,-0.05
20211019,0.03,0.55,0.52,-0.39,0.19,0.89,1.09,0.76,-0.09,1.11,0.3,0.24,0.02
20211020,0.25,0.57,0.7,1.04,0.7,0.04,1.27,1.16,0.19,0.16,1.12,0.58,0.13
20211021,0.69,0.01,-0.23,-2.28,0.27,0.72,-0.3,-0.55,0.68,0.08,-0.09,0.25,-0.02
20211022,-0.21,-1.88,-0.37,0.56,-0.54,-0.35,0,0.53,-0.43,-1.34,0.33,-0.39,-0.04
20211025,0.91,1.18,0.65,2.35,0.71,1.05,0.48,0.45,1.46,0.15,0.41,0.99,0.05
20211026,-0.43,-1.44,-1.03,-0.24,0.23,-0.67,-1.14,-0.09,-0.62,0.15,-0.47,0.07,0.02
20211027,-1.73,-1.22,-1.37,-3.88,-1.12,-1.45,-1.71,-1,-1.95,-1.37,-1.86,-1.24,-0.08
20211028,1.38,2.75,1.92,0.77,1.74,1.57,0.8,0.48,1.52,1.88,1.35,1.01,0.03
20211029,-0.02,-0.15,0.12,-0.85,0.16,0.51,-0.68,-0.67,0.49,-0.31,0.14,-0.14,0.04
20211101,1.83,3.64,2.22,2.71,2.4,1.92,2.89,1.08,2.35,3.08,1.93,1.99,-0.02
20211102,-0.45,-0.34,-0.06,-1.4,0.53,0.11,-0.24,-0.29,-0.06,0.64,-0.1,0.04,-0.01
20211103,1.76,1.43,1.09,-0.11,1.84,0.9,0.62,0.23,2.88,1.99,1.39,0.86,-0.04
20211104,-0.2,-0.49,-0.02,-0.94,-0.9,0.05,-0.67,-0.59,0.01,-0.4,-0.55,-0.14,-0.02
20211105,1.1,-0.02,1.55,2.33,1.78,0.07,1.47,1.37,1.47,-0.5,1.18,0.97,0
20211108,-0.22,0.75,2.02,0.9,1.57,1,0.27,-1.01,-0.14,-0.03,0.19,0.75,0.04
20211109,0.13,-0.42,-0.67,-0.17,-0.38,-0.26,-0.1,0.06,0.46,-1.36,-0.37,-0.22,0.01
20211110,-0.68,-1.58,-1.2,-4.04,-1.01,-2,-0.82,0.5,-1.21,-2.07,-0.19,-1.3,-0.02
20211111,1.19,1.56,1.13,0.82,1.49,0.54,0.43,0.18,0.83,0.07,0.33,0.58,0.03
20211112,0.19,0.78,0.59,-0.63,0.71,0.95,-0.35,-0.24,0.69,-0.01,-0.15,0.52,-0.02
20211115,-0.19,1.23,-0.37,-0.45,-0.93,-0.37,-0.06,1.2,-0.18,-1.41,0.02,-0.04,-0.03
20211116,0.08,0.06,-0.03,-0.62,-0.52,-0.1,-2.09,-0.67,0.28,-0.7,-0.19,-0.17,-0.07
20211117,-0.91,-1.21,-0.85,-2.94,-1.32,-1.18,0.36,-0.12,-1.39,-1.71,-0.82,-0.74,0.02
20211118,-1.02,-1.79,-1.01,-1.53,-0.75,-1.83,-2.33,-0.62,-0.1,-2.52,-0.27,-1.38,-0.04
20211119,-1.27,-0.68,-0.83,-4.15,-1.21,-0.78,-1.34,0.08,-1.5,-0.55,-0.76,-0.48,0.06
20211122,0.52,0.01,0.05,1.21,-0.25,-2.38,-0.73,0.86,0.23,-2.54,0.56,-0.72,-0.04
20211123,-0.47,-1.34,-0.38,3.04,-0.21,-0.82,-0.87,0.39,-0.85,-0.13,0.44,-0.45,0.04
20211124,0.16,0.3,0.2,1.3,0.02,1.19,0.12,-0.04,-0.38,2,-0.04,0.64,0.02
20211126,-2.23,-2.67,-2.77,-5.03,-2.68,-2.05,-2.45,-2.21,-2.53,-2.31,-3.28,-2.01,-0.01
20211129,-0.61,-1.23,-0.56,0.59,0.1,0.41,-0.59,0.57,-0.89,-1.59,-0.42,-0.39,0.06
20211130,-1.91,-2,-2.08,-2.73,-2.83,-1.97,-2.74,-2.92,-2.44,0.01,-1.66,-1.48,-0.02
20211201,-1.9,-2.05,-2.01,-3.79,-2.03,-2.99,-3.2,-0.24,-2.48,-3.98,-0.84,-2.08,-0.04
20211202,1.84,1.6,2.27,2.75,1.84,1.41,3.47,1.65,2.29,1.42,2.47,1.73,-0.01
20211203,-0.99,-2.39,-1.65,-1.86,-1.84,-2.78,-0.52,0.53,-1.51,-4.28,-1.55,-1.7,-0.1
20211206,1.63,1.98,1.77,3.08,2.26,1.33,1.23,1.97,2.51,1.16,1.53,1.9,-0.03
20211207,1.9,2.16,1.77,3.73,2.15,3.68,0.87,0.59,2.05,4.73,0.74,1.52,0.01
20211208,0.68,2.53,1.13,0.93,1.18,1.69,0.05,0.47,0.63,2.15,0.27,1.47,0.03
20211209,-1.42,-2.3,-1.67,-2.07,-1.26,-2.52,-1.67,-0.8,-1.38,-3.35,-1.02,-1.26,-0.06
20211210,-0.03,-0.24,-0.2,0.64,0.52,-0.39,-0.1,0.21,-0.37,-1.43,0.34,-0.51,0
20211213,-0.74,-1.83,-1.69,-3.39,-2.63,-1.54,-1.26,0.06,-2.35,-1.15,-1.44,-1.56,-0.06
20211214,-0.31,-1.41,-1.12,-1.56,-1.16,-1.54,-0.85,-0.45,-0.53,-2.47,0.02,-0.97,0.04
20211215,0.67,0.69,1.11,0.8,1.73,1.77,0.07,1.47,0.83,2.31,0.76,0.71,0.04
20211216,-0.83,-1.68,-1.08,-0.5,-1.26,-2.38,0.09,0.7,-1.95,-1.87,0,-1.09,-0.04
20211217,0.14,0.19,-0.15,-0.61,-0.54,1.31,0.67,-0.75,0.53,3.17,-0.78,0.34,-0.03
20211220,-2,-2.38,-2.31,-1.77,-1.92,-1.61,-2.11,-0.44,-2.13,-0.62,-1.58,-1.36,-0.06
20211221,2.1,2.29,2.95,4.21,2.17,3.32,2.99,0.44,2.99,1.63,2.06,2.33,0.02
20211222,0.53,1.36,0.89,0.91,0.47,0.82,0.59,0.57,0.69,0.23,0.76,0.71,0.03
20211223,0.73,1.74,0.9,-0.09,0.84,0.97,0.58,0.17,0.95,1.66,0.9,0.91,0.08
20211227,0.66,-0.07,1.02,3.07,0.86,0.59,-0.15,0.51,0.96,-2.21,0.76,0.36,0.04
20211228,-0.15,-0.53,-0.36,-1.19,-0.07,-1.61,-0.4,0.61,-0.51,-2.18,-0.02,-0.55,-0.06
20211229,0.02,-0.97,-0.06,-0.73,0.55,-0.67,-0.81,0.47,0.25,-1.16,-0.06,-0.35,-0.05
20211230,0.53,0.95,0.19,-0.9,0.34,0.99,1.23,0.37,0.75,1.81,-0.15,0.42,0.01
20211231,0,-0.27,0.3,0.05,0.13,-0.58,-1.08,0.24,-0.02,-0.63,0.05,0.06,-0.05
20220103,1.1,2.49,1.38,5.37,1.56,1.57,2.33,-0.19,0.93,4.31,0.88,1.04,0.004
20220104,0.18,1.04,1.05,3.37,0.51,-1.56,0.01,-0.18,0.1,-2.51,0.95,0.04,0.03
20220105,-2.1,-2.82,-1.7,-2.37,-2.02,-3.99,-2.37,-0.47,-2.71,-4.77,-1.03,-2.45,-0.082
20220106,0.13,-0.14,0.3,2.68,-0.45,-0.14,0.39,-0.15,0.4,-1.1,1.28,-0.42,0.01
20220107,-0.64,-0.99,-0.71,-0.23,-0.18,-1.26,1.3,0.42,-1.31,-1.64,0.55,-0.65,-0.028
20220110,-1.21,-1.45,-0.94,-0.91,-1.39,-0.35,-0.83,-0.76,-1.18,-0.24,-0.37,-0.73,-0.031
20220111,0.8,1.25,1.12,4.23,1.59,2.15,1,-0.49,0.91,1.47,0.4,1.11,0.014
20220112,-0.24,-0.48,0.06,1.08,0.07,-0.49,-0.17,0.18,-0.81,-2.25,-0.07,-0.47,0.071
20220113,0.19,-0.21,-0.19,-1.56,-0.54,-2.6,0.13,0.06,-0.31,-2.81,-0.01,-0.73,-0.054
20220114,-0.27,-0.82,-0.2,2.67,-0.28,-0.4,-0.6,0.16,-1.32,0.92,0.1,-0.38,0.019
20220118,-1.64,-2.77,-2.23,-0.87,-2.2,-3.05,-2.46,-1.17,-2.31,-4.55,-1.59,-2.08,-0.079
20220119,-0.83,-2.56,-1.49,-1.36,-0.69,-1.45,-0.67,-0.34,-0.92,-1.1,-1.48,-1.01,-0.006
20220120,-2.09,-2.68,-1.88,-3.35,-2.11,-1.15,-1.81,-0.75,-2.43,-1.63,-1.36,-1.08,0.014
20220121,-1.28,-2.47,-2.37,-3.69,-2.04,-3.14,-2.18,-0.49,-1.85,-3.18,-1.3,-1.97,-0.048
20220124,1.22,1.35,1.07,1.58,0.51,1.24,1.23,-0.3,3.33,0.91,0.93,0.84,-0.089
20220125,-1.16,-1.02,-0.85,3.9,-0.46,-2.15,0.01,-0.4,-0.93,-0.17,-0.25,-0.66,-0.055
20220126,-1.61,-1.31,-0.91,-0.92,-1.66,-0.98,-1.83,-0.51,-1.73,-1.85,-0.67,-1.12,0.033
20220127,-1.17,-2.53,-2.01,-1.38,-1.06,-2.69,-0.43,-0.02,-1.44,-4.27,-1.26,-2.04,-0.062
20220128,1.22,1.16,1.05,0.72,0.88,2.71,2.37,1.43,1.33,2.6,0.89,1.15,0.056
20220131,2.5,5.17,2.8,1.38,3.13,5.47,2.03,1.08,3.19,6.12,1.6,3.18,0.028
20220201,1.03,1.67,1.53,4.24,1.93,1.3,1,-0.63,1.59,2.09,0.83,1.26,0.07
20220202,-0.54,-2.15,-0.66,-0.09,-0.21,-1.78,-0.89,0.56,-1.26,-3.33,-0.38,-1.02,0.015
20220203,-1.97,-2.1,-2.01,-1.22,-2.59,-2.75,-0.86,-0.88,-1.89,-2.96,-0.73,-1.72,-0.036
20220204,0.2,0.49,-0.05,1.67,-0.24,2.44,0.41,-0.42,0.26,1.51,0.89,0.34,0.156
20220207,0.62,-0.48,0.07,-0.62,0.13,0.26,0.5,0.08,0.34,1.46,0.27,0.54,0.06
20220208,1.89,2.1,1.87,-2.61,1.28,1.64,1.15,0.11,2.47,0.04,1.49,1.39,-0.037
20220209,1.7,2.42,1.71,2.53,2.09,2.73,2.01,0.47,1.78,3.27,0.02,1.79,0.04
20220210,-1.07,-2.04,-1.62,0.19,-0.66,-1.71,-0.88,-2.21,-1.48,-1.74,-0.65,-1.41,-0.015
20220211,-0.79,-2.01,-1.08,4.15,-1.33,-2.53,-0.5,0.53,-1.12,-2.38,-0.62,-1.31,-0.071
20220214,-0.47,-0.65,-0.25,-1.42,-1.41,-0.4,-0.63,-0.74,-0.91,-1.81,-0.79,-0.38,0.008
20220215,1.83,3.62,2.55,-0.13,3.1,3.93,2.52,-0.02,2.86,4.16,2.01,2.36,0.077
20220216,0.16,-0.27,0.65,0.37,0.37,-0.45,-1.08,0.38,-0.18,-0.29,0.33,0.34,0.01
20220217,-1.67,-2.41,-1.78,-0.17,-0.93,-2.8,-2.61,-0.02,-2.07,-3.77,-1.78,-0.58,-0.097
20220218,-0.66,-1.89,-0.72,-1.45,-0.77,-1.97,-1.42,-0.4,-0.72,-1.67,-0.03,-1.19,-0.061
20220222,-1.23,-2.02,-1.87,-0.84,-2.2,-2,-1.81,-0.43,-2.88,-1.75,-1,-1.73,-0.101
20220223,-1.38,-0.68,-1.41,2.58,-0.91,-2.57,-1.46,-1.06,-1.94,-2.63,-1.21,-1.46,0.003
20220224,0.62,2.58,1.62,2.05,1.6,4.25,2.08,1.45,2.55,3.66,-0.31,2.13,0.044
20220225,2.3,1.84,2.29,1.15,2.53,1.84,2.24,2.86,2.47,1.62,2.43,1.66,-0.001
20220228,-0.24,-0.19,0.73,4.02,1.09,1.08,0.75,1.06,0.37,0.18,-0.4,0.17,0.093
20220301,-1.67,-2.23,-2.06,1.13,-1.86,-1.81,-0.99,-1.19,-1.74,-0.03,-2.83,-1.16,0.047
20220302,2.29,2.63,2.7,3.26,1.94,1.5,1.49,1.73,2.7,0.98,2.45,1.52,-0.005
20220303,-1.16,-1.53,-0.42,-0.24,-0.44,-2.35,-0.49,1.17,-1.08,-2.35,-0.43,-1.23,-0.08
20220304,-1.8,-2.99,-1.49,6.53,-2.23,-2.63,-2.41,2.01,-1.63,-2,-1.68,-1.43,-0.083
20220307,-2.98,-3.35,-1.49,10.05,-2.91,-2.62,-1.3,0.26,-3.76,-1.67,-2.52,-2.06,-0.044
20220308,-0.81,2.26,1.09,1.65,1.38,1.18,1.09,-0.8,1.31,0.51,0.09,1.23,0
20220309,2.49,2.92,2.3,-3.27,4.02,3.55,2.1,-0.58,2.53,5.04,2.28,2.45,0.086
20220310,-0.83,-0.85,-0.11,3.31,0.83,-0.97,-0.86,0.69,0.1,-1.09,-0.17,0,-0.056
20220311,-1.68,-2.47,-1.56,-3.05,-1.36,-3.11,-1.67,-0.77,-1.88,-2.81,-0.36,-0.99,-0.031
20220314,-1.24,-2.8,-1.66,-5.62,-1.89,-3.59,-1.2,-0.97,-1.68,-4.47,-0.05,-1.81,-0.003
20220315,1.23,2.15,1.21,-1.83,0.17,2.37,1.32,0.97,2.18,1.35,0.52,1.44,0.02
20220316,2.92,4.34,2.53,-0.43,2.01,4.82,2.38,0.15,3.23,4.56,2.21,2.64,0.033
20220317,1.71,2.15,1.81,5.45,3.11,2.99,2.09,0.28,1.9,4.79,0.51,1.65,-0.015
20220318,0.94,1.97,1.13,-0.67,1.2,2.16,0.37,-0.42,1.03,2.3,0.47,1.14,0.051
20220321,-0.57,-1.49,-0.03,3.38,0.59,-0.65,-0.62,1.37,-1.5,-1.93,-0.43,-0.31,-0.001
20220322,0.93,1.79,0.7,-0.44,0.86,1.88,0.97,-0.43,1.33,2.56,1.15,0.87,0.051
20220323,-0.93,-2.3,-1.33,2.44,-0.69,-1.59,-0.5,0.03,-1.54,-1.05,-1.77,-1.16,-0.009
20220324,0.7,0.73,0.96,0.3,1.26,1.37,0.86,1.07,0.83,1.47,0.84,0.91,0.067
20220325,0.01,-1.22,-0.16,3.34,-0.04,-1.32,0.33,2.54,-0.53,-1.46,0.73,-0.44,-0.025
20220328,-0.05,0.37,-0.83,-3.71,-1.03,0.88,-0.52,0.26,0.07,-0.91,-0.34,0.06,0.071
20220329,2.18,3.61,1.85,-0.13,1.88,2.89,1.36,1.13,2.69,2.86,1.26,1.71,0.012
20220330,-1.05,-2,-1.46,0.59,-1.09,-1.79,-1.11,0.29,-2.45,-1.46,-1.5,-0.93,-0.027
20220331,-1.16,-2.14,-1.25,-1.4,-1.09,-1.28,-0.91,-0.16,-1.47,-0.67,-0.99,-1.01,-0.055
20220401,0.95,-0.84,0.39,2.44,0.89,0.22,1.09,1.59,-0.15,1.34,0.2,0.06,0.027
20220404,0.45,2.22,0.41,0.41,0.74,1.91,0.8,-1.2,1.01,1.79,-0.31,0.47,-0.021
20220405,-1.71,-3.29,-2.42,-2.14,-2.04,-2.79,-1.82,0.09,-1.62,-2.23,-1.08,-1.9,-0.022
20220406,-1.07,-2.67,-1.77,-0.59,-1.3,-2.57,-0.69,1.82,-1.58,-1.28,-1.27,-1.65,-0.058
20220407,0.14,-0.54,-0.09,1,0.09,-0.39,-0.82,-0.54,0.27,-0.7,-0.8,-0.54,-0.012
20220408,0.21,-0.74,-0.8,2.12,-0.32,-1.57,0.01,0.36,0.44,-1.85,-0.23,-0.6,-0.045
20220411,0.14,-0.58,0.11,-3.1,-0.69,-0.89,-0.6,-1.05,-0.26,-2.86,-0.29,-0.74,-0.066
20220412,0.07,-0.16,-0.05,2.69,0.07,-0.54,0.39,0.44,-0.1,-0.86,-0.47,-0.09,0
20220413,1.2,1.45,1.61,3.12,2.12,1.93,1,-0.23,1.77,2.13,1.05,1.63,0.062
20220414,-0.35,-1.37,-0.37,1.78,-0.35,-1.9,-0.3,0.15,-0.39,-2.2,-0.74,-0.55,-0.029
20220418,-0.83,-0.74,-0.73,2.45,-0.68,-1.11,-0.81,-0.21,-0.77,-4.04,-0.12,-0.87,0.016
20220419,1.99,2.33,2.32,-1.67,1.53,2.29,1.27,0.67,2.87,1.99,1.95,1.46,0.021
20220420,-0.01,-0.89,0.57,2.06,0.27,-1.24,-1.01,1.53,-0.22,-0.18,0.77,0.08,-0.003
20220421,-1.47,-1.73,-1.93,-4.74,-2.41,-2.91,-2.15,-1.38,-1.67,-3.73,-1.39,-1.77,0.015
20220422,-2.24,-1.74,-2.41,-4.37,-2.41,-2.02,-2.36,-1.67,-2.82,-2.01,-1.81,-1.83,-0.057
20220425,0.43,1.27,-0.31,-1.9,-0.65,1.32,0.06,-1.52,0.65,1.22,0.18,0.35,0.019
20220426,-3.19,-3.31,-3.08,-0.55,-2.45,-3.66,-3.06,-0.87,-3.18,-4.49,-2.44,-2.49,-0.054
20220427,0.47,-0.64,0.01,1.5,0.52,-0.88,-0.77,-0.57,-0.34,-1.35,-0.34,-0.26,0
20220428,1.54,1.76,1.62,2.69,1.54,2.58,0.49,1.16,1.79,0.08,1.45,1.46,0.023
20220429,-1.85,-2.21,-2.14,-2.53,-1.2,-2.39,-3.17,-2.68,-2.65,-2.29,-2.27,-1.64,-0.042
20220502,0.54,2.21,0.45,-0.56,0.78,1.91,0.88,-0.63,1.51,2.04,0.49,0.54,-0.026
20220503,-0.14,0.73,0.97,3.96,1.62,0.02,0.32,1.09,0.55,0.4,0.8,0.57,-0.012
20220504,1.74,3.05,3.05,4.25,2.84,2.68,2.49,2.41,2.39,1.56,2.09,1.61,0.044
20220505,-3.71,-3.62,-3.63,-2.75,-2.89,-5.02,-1.9,-1.58,-3.93,-4.92,-2.13,-2.82,-0.067
20220506,-1.07,-1.81,-1.7,0.93,-1.59,-2.64,-1.78,0.54,-1.75,-3.54,-0.97,-1.59,-0.053
20220509,-2.37,-3.47,-3.59,-9.63,-4.19,-5.73,-2,-1.36,-3.22,-7.23,-1.83,-4.06,-0.171
20220510,-0.92,-1.39,-1.25,-0.43,-2.2,-0.72,-0.92,-0.69,-0.77,1.76,-1.3,-0.65,0.043
20220511,-1.7,-4.37,-1.26,0.96,-1.65,-4.01,-1.86,0.56,-2.98,-6.75,-1.1,-2.68,-0.13
20220512,1.68,2.57,0.67,-0.94,0.17,1.82,1.51,-0.27,1.94,1.93,0.13,0.39,-0.157
20220513,2.96,4.24,2.75,4.59,4.39,5.55,1.88,1.53,3.28,5.17,1.35,3.31,0.103
20220516,-0.37,-1.5,-0.26,3.23,-0.03,-1.61,0.2,0.66,-0.84,0.24,-0.65,-0.36,0.051
20220517,1.62,4.49,3.32,1.75,3.42,3.01,3.52,1.47,2.48,3.82,2.77,2.54,0.009
20220518,-4.08,-3.24,-2.76,-3.73,-3.27,-3.29,-2.18,-0.65,-5.53,-3.87,-2.16,-2.73,-0.056
20220519,-0.81,0.3,0.1,0.4,0.3,1.38,0.44,-0.06,-0.23,1.61,-0.51,0.81,0.01
20220520,-0.53,-1.91,-1.39,0.17,-1.28,-0.71,-0.07,0.01,-1.87,0.28,-0.19,-0.46,-0.02
20220523,0.9,0.74,1.58,3.84,1.24,0.69,0.87,1.09,0.27,0.47,1.52,0.69,-0.003
20220524,-1.64,-3.65,-1.59,-0.7,-1.45,-3.19,-2.06,1.22,-2.67,-3.54,-0.59,-1.78,-0.045
20220525,2.25,2.85,1.53,3.25,1.24,2.24,2.25,0.66,4.06,0.22,1.19,1.89,0.01
20220526,2.29,3.9,2.19,2.17,2.57,2.66,1.31,0.36,3.36,1.66,1.79,1.98,-0.047
20220527,2.12,2.7,2.41,3,2.63,3.51,2.08,1.29,2.14,3.82,1.7,2.2,-0.011
20220531,-0.38,-0.34,-1.04,-0.86,-1.55,-1.17,0.17,-0.86,-0.99,-0.47,-0.08,-0.41,0.069
20220601,-1.14,-0.63,-0.48,2.85,-1.27,-0.88,-0.63,0.12,-1.23,-2.15,-0.82,-0.66,-0.045
20220602,1.82,2.8,2.59,0.52,3.11,3.82,1.15,0.58,2.54,2.09,1.59,2.21,0.031
20220603,-0.72,-1.29,-0.73,2.01,-1.31,-1.57,-1.51,-0.42,-1.22,1.5,-1,-0.9,-0.045
20220606,0.42,0.74,1.05,0.13,0.13,0.06,-0.8,0.48,0.42,-1.44,0.3,-0.18,0.015
20220607,0.74,2.88,1.18,4.67,0.87,0.99,0.17,0.92,0.77,4.26,0.33,0.64,0.001
20220608,-0.68,0.42,-1.11,-0.14,-0.88,-0.36,-0.84,-1.63,-0.19,1.36,-1.01,-0.69,-0.011
20220609,-1.29,-1.56,-1.72,-2.64,-2.27,-2.72,-1.79,-2.03,-1.4,-1.52,-1.92,-1.48,-0.012
20220610,-2.11,-3.72,-2.84,-1.58,-3.6,-3.67,-1.79,-0.84,-2.84,-4.1,-2.27,-2.35,-0.047
20220613,-4.26,-4.57,-4.8,-7.02,-5.57,-5.91,-5.65,-4.59,-4.58,-5.34,-3.17,-4.66,-0.217
20220614,-0.62,-0.28,-0.72,-1.26,0.47,-0.52,-0.93,-2.59,-0.1,-0.99,-0.08,-0.32,-0.063
20220615,1.24,1.44,1.22,-0.13,0.61,2.66,1.67,0.56,1.81,2.06,0.96,1.34,0.085
20220616,-3.28,-5.43,-5.33,-4.66,-4.51,-4.67,-4.23,-2.33,-4.37,-3,-2.92,-3.55,-0.045
20220617,1.27,1.53,0.47,-5.77,1.58,2.2,1.68,-1.18,1.05,3.09,1.21,0.91,-0.022
20220621,1.28,1.21,1.2,3.92,2.23,2.09,1.02,1.72,1.13,2.31,1.37,0.8,0.023
20220622,-0.64,0.37,-0.57,-5.46,1.2,0.26,0.04,0.3,-0.07,2.04,-0.19,-0.36,-0.056
20220623,1.77,1.27,0,-4.82,-0.45,2.59,0.97,1.35,1.63,4.32,-0.2,0.93,0.037
20220624,2.25,3.15,3.27,1.59,3.11,2.59,1.84,1.98,3.06,-0.11,2.06,2.27,0.057
20220627,0.12,-0.34,0.41,4.38,0.09,-0.64,0.27,1.64,-0.17,1.6,0.16,-0.1,-0.033
20220628,-1.72,-2.36,-1.84,1.79,-1.48,-2.93,-2.48,-0.07,-2.78,-2.21,-0.69,-1.75,-0.047
20220629,-0.77,-2.28,-1.54,-4.37,-2.01,-1.26,-0.48,-0.69,-1.72,0.18,-1.01,-1.22,-0.049
20220630,-0.63,-1.53,0.18,-3.15,0.5,-1.15,-0.69,0.53,-1.08,-0.88,-0.17,-0.06,-0.001
20220701,0.3,0.61,0.07,0.57,0.51,0.37,1.77,2.15,0.96,1,1.18,0.81,0.002
20220705,0.44,1.98,-0.47,-6.1,-0.42,2.42,-0.31,-3.29,2.01,3.21,0.45,0.22,0.02
20220706,-0.82,-1.45,-0.51,-1.66,-0.49,-0.28,-1.12,0.61,-1.27,0.89,-0.75,-0.6,-0.053
20220707,1.46,3.69,2.98,5.47,2.16,3.41,1.35,0.82,3.06,3.58,1.1,1.75,0.067
20220708,0.3,0.78,-0.45,0.35,-0.56,0.47,-0.67,-0.39,-0.17,1.88,-0.23,0.13,0
20220711,-1.47,-2.52,-1.72,-1.42,-1.32,-2.74,-2.56,-0.11,-1.2,-2.87,-0.88,-1.35,-0.06
20220712,0.22,1.19,-0.08,-2.63,-0.04,-1.32,-0.07,-0.6,-0.17,0.44,0.06,0.2,0.038
20220713,-0.06,-0.51,-0.14,1.05,0.16,-0.25,-0.5,0.05,-0.02,0.42,-0.93,0.04,0.031
20220714,-0.97,-0.76,-0.99,-2.4,-1.4,-1.13,-1.62,-0.15,-1.1,-1.41,-1.26,-0.72,0.081
20220715,1.21,1.62,1.39,2.32,1.66,2.17,2.21,1.02,1.88,0.77,2.17,1.06,0.069
20220718,-0.51,0.1,0.36,3.07,0.42,0.24,-0.08,-0.41,0.83,-1.65,-0.11,0.3,0.033
20220719,2.4,2.72,3.61,3.71,3.78,3.33,2.96,1.46,2.92,2.68,2.25,1.82,0.138
20220720,1.47,1.85,1.91,1.97,1.61,3.21,1.9,-0.67,1.6,1.95,0.76,1.05,-0.037
20220721,-0.01,0.93,0.68,-2.81,-0.02,1.55,-0.29,-0.17,-0.04,0.78,0.21,0.17,-0.019
20220722,-0.99,-2.58,-1.46,-2.07,-1.68,-2.91,-1.29,0.39,-1.58,-3.61,-0.71,-0.99,-0.047
20220725,0.33,-0.75,0.3,5.75,0.96,-0.73,0.05,2.05,-0.6,-0.71,0.72,0.12,-0.049
20220726,-1.82,-2.19,-1.13,-0.03,-1.37,-2.32,-1.26,0.78,-2.71,-0.41,-0.49,-0.7,-0.059
20220727,1.49,2.2,2.44,4.29,2.07,3.21,2.48,0.68,2.3,1.54,1.78,1.44,0.081
20220728,1.58,2.49,2.03,-0.5,1.35,1.61,-0.31,2.36,1.69,-0.28,0.27,1.17,0.049
20220729,0.31,0.38,1.7,2.66,1.25,0.78,-0.86,1.08,1.03,-0.78,0.61,0.78,0.041
20220801,0.99,0.34,0.17,-2.19,1.25,0.41,1.46,0.1,1.39,-0.94,0.11,0.07,-0.036
20220802,-0.41,0.9,-0.44,0.34,0.53,1.18,1.12,0.33,-0.09,1.7,-0.59,0.38,0.005
20220803,1.71,2.42,1.24,-2.46,0.29,2.66,5.14,-0.06,2.36,3.88,1.1,0.9,0.027
20220804,-0.63,0.4,0.22,-4.41,-0.21,0.47,-0.33,-0.5,-0.36,3.32,-0.26,0.52,-0.055
20220805,0.07,1,0.11,2.91,1.33,0.43,-1.24,-0.29,0.58,2.46,0.52,0.33,0.015
20220808,0.5,2.46,1.2,1,1.67,1.2,0.29,0.57,3.02,1.21,0.88,0.88,0.043
20220809,-1.93,-2.54,-1.42,0.68,-1.58,-2.85,-0.23,1.01,-2.79,-2.98,-0.4,-1.4,-0.029
20220810,1.66,3.46,3.36,2.15,2.82,3.53,2.78,0.83,3.22,3.63,1.62,1.61,0.031
20220811,0.53,0.51,1.07,3.94,0.79,-0.3,0.99,0.51,1.09,-0.32,0.71,0.67,0.005
20220812,0.89,2.13,2.49,2.03,2.32,1.74,1.27,1.73,1.7,2.21,1.51,1.21,0.003
20220815,0.52,0.44,0.05,-2.62,0.13,0.29,0.37,0.67,0.61,1.36,0.27,0.13,0.032
20220816,1.38,0.78,0.19,-0.41,-0.31,-0.4,0.78,0.69,2.26,-1.87,0.24,-0.04,-0.032
20220817,-1,-1.9,-1.6,1.3,-1.4,-2.35,-2.4,0.17,-1.77,-1.76,-0.87,-1.26,-0.074
20220818,0.32,0.26,0.64,4.74,0.77,0.54,-0.66,0.64,0.1,-0.46,0.31,0.11,0.017
20220819,-1.63,-2.63,-2.42,-1.63,-3.23,-2.89,-1.17,-0.75,-2.64,-2.5,-1.45,-1.46,-0.094
20220822,-1.77,-3.67,-2.77,0.62,-2.21,-2.42,-2.4,-1.26,-2.45,-2.05,-1.84,-1.33,-0.043
20220823,0.24,0.15,0.45,2.96,0.95,-0.04,0.06,-0.5,0.08,0.75,-0.4,0.28,0.046
20220824,0.32,1.09,1.01,1.84,1.35,1.12,0.8,0.42,0.32,2.07,0.11,0.47,0.011
20220825,1.31,1.26,1.52,0.69,2.55,1.95,1.34,0.78,1.89,0.42,1.17,1.05,0.006
20220826,-2.69,-3.91,-3.49,-1.48,-2.77,-3.54,-2.07,-1.54,-3.35,-3.77,-2.11,-2.07,-0.021
20220829,-0.68,-0.64,-0.7,1.4,-0.29,-0.7,-0.73,0.03,-0.53,-1.04,-1.04,-0.65,-0.016
20220830,-1.31,-1.4,-1.59,-5.12,-2.23,-1.04,-0.86,-2.08,-1.42,-1.77,-0.48,-0.81,-0.001
20220831,-0.83,-1.39,-0.84,0.51,-0.52,-0.12,-0.49,-0.37,-1.43,0.51,-0.75,-0.24,0.007
20220901,-0.92,-1.23,-1.43,-3.85,-2.23,-2.43,-0.86,0.27,-1.22,-0.12,-0.49,-0.71,-0.047
20220902,-1.27,-1.22,-0.67,3.23,-0.37,-0.77,-0.97,-0.27,-0.78,-0.59,-0.58,-0.31,0.026
20220906,-1.09,-1.79,-0.7,-1.11,-0.92,-0.7,-1.58,-0.85,-0.75,-1.61,-0.87,-0.29,-0.024
20220907,1.4,2.36,2.13,-1.79,2.19,2.04,1.1,2.14,2.52,2.72,1.51,1.05,0.019
20220908,0.15,-0.29,0.44,0.09,0.5,0.98,-1.56,-0.09,0.15,2.31,0.78,0.64,0.018
20220909,1.72,2.71,1.79,3.09,2.3,2.43,2.36,0.72,2.13,1.1,1.28,1.06,0.056
20220912,0.77,1.42,0.89,1.14,0.65,0.92,0.81,1.29,1.01,0.99,0.6,0.63,-0.001
20220913,-3.41,-3.73,-3.8,-2.98,-3.5,-3.63,-4,-2.47,-4.59,-2.08,-2.74,-2.22,-0.088
20220914,-0.94,-0.82,-0.7,3.84,-0.51,0.06,-0.65,1.46,-0.83,-0.43,-0.29,-0.35,-0.014
20220915,-1.01,0.03,-0.62,-3.21,-1.29,-0.68,-0.36,-2.03,0.01,0.22,0.74,-0.38,-0.014
20220916,-1.83,-2.17,-1.88,-2.76,-1.42,-1.93,-0.56,-0.72,-1.36,-2.75,-0.34,-1.51,-0.036
20220919,0.14,0.81,0.8,0.41,1.42,-0.25,-0.08,0.99,0.44,-2.27,0.53,0.26,-0.01
20220920,-1.8,-2.53,-2.01,-2.16,-2.19,-1.6,-1.74,-1.44,-2.31,-1.88,-0.93,-1.24,-0.038
20220921,-0.94,-1.47,-1.32,-0.96,-1.17,-1.19,-1.55,-1.23,-1.4,-2.68,-0.83,-1.07,0
20220922,-1.67,-2.86,-2.51,-2.28,-1.9,-3.04,-2.36,-0.67,-2.63,-2.23,-1.8,-1.68,-0.014
20220923,-2.55,-2.97,-3.03,-7.73,-3.23,-2.07,-2.88,-2.38,-1.92,-2.63,-1.68,-1.66,-0.034
20220926,-1.73,-1.06,-1.17,-2.52,-1.99,-1.1,-2.78,-2.33,-1.35,-1.08,-1.06,-1.09,0.042
20220927,-0.28,0.35,0,2.13,-0.06,0.8,-0.21,-1.14,0.94,0.79,-0.64,0.39,-0.014
20220928,1.83,2.54,2.75,6.46,2.87,3.16,2.53,1.85,3.09,3.71,1.34,1.97,0.04
20220929,-2.33,-3.47,-2.58,-0.79,-2.93,-2.28,-2.89,-3.68,-3.12,-2.05,-1.44,-1.44,-0.03
20220930,-1.12,-1.56,-1.08,0.04,-0.5,-0.76,-0.95,-1.7,-1.08,-0.1,-0.68,-0.39,0.007
20221003,2.53,1.44,3.19,6.06,2.9,2.49,2.8,3.09,1.96,1.99,2.49,1.88,0.005
20221004,4.04,4.24,4.14,4.38,3.06,4.12,2.89,2.45,4.12,3.37,3.08,2.56,-0.012
20221005,-0.55,-0.96,-0.15,2.88,-1.18,-0.17,-1.23,-1.68,-0.52,-0.4,-1.01,-0.29,-0.012
20221006,-0.69,-0.28,-0.48,1.21,-1.02,-0.19,-1.46,-2.66,-0.28,0.12,-0.45,-0.28,-0.012
20221007,-2.52,-3.08,-3.05,-0.98,-3.29,-3.84,-2.46,-2.06,-2.8,-4.11,-2.07,-2.13,-0.035
20221010,0.07,-0.77,-0.43,-2.29,-0.19,-2.09,-0.28,0.07,-0.3,-1.7,0.17,-0.28,-0.015
20221011,0,-0.8,-0.52,-1.48,-0.4,-1.48,-1.26,0.7,-0.19,-0.41,-0.03,-0.65,-0.016
20221012,0.06,-0.05,-0.55,0.63,-0.68,-0.44,-0.54,-2.24,0,-0.13,-0.11,0.12,-0.003
20221013,1.29,1.22,1.89,3.49,2.79,1.55,2.9,2.73,1.88,1.03,2.74,0.86,0.015
20221014,-2.16,-2.51,-2.17,-4.2,-2.69,-2.94,-1.61,-1.74,-2.62,-2.06,-1.3,-1.47,-0.021
20221017,1.48,2.65,2.72,2.68,2.89,3.64,3.09,2.85,2.74,2.24,1.84,1.55,0.032
20221018,0.58,1.7,1.35,0.77,1.57,1.58,1.13,1.53,1.34,0.95,0.45,1,-0.017
20221019,-1.8,-2.05,-1.64,2.57,-1.58,-1.92,-2.07,-0.62,-2.06,-3.36,-1.21,-1.08,-0.014
20221020,-1.04,-1.32,-0.64,-0.87,-2.23,0.25,0.17,-2.44,-0.7,-0.37,-1.59,-0.42,0.003
20221021,1.27,1.93,2.42,2.79,2.49,1.36,0.27,1.61,1.91,0.43,1.4,1.07,-0.017
20221024,0.8,-0.03,0.47,0.09,-0.92,-0.2,-0.87,0.38,0.3,-0.87,0.67,0.1,0.021
20221025,2.95,4.03,2.79,1.13,2.45,3.9,2.3,2.22,3.46,2.97,1.73,1.91,0.092
20221026,-0.03,0.8,0.28,1.86,0.51,-0.54,-0.21,0.16,0.41,1.07,0.06,0.7,0.018
20221027,0.26,0.03,0.27,0.04,1.11,0.27,-0.04,1.01,0.36,-0.67,0.51,-0.18,-0.033
20221028,1.44,1.57,1.65,-0.44,1.51,1.49,3.06,2.21,1.61,1.74,2.09,1.04,0.016
20221031,-0.26,0.53,-0.07,2.06,0.26,-0.36,-0.59,-0.03,-0.14,-0.38,-0.05,-0.11,-0.024
20221101,0.01,0.66,0.59,0.44,0.29,-0.14,0.89,-0.19,0.12,0.74,0.37,0.13,0.003
20221102,-2.03,-2.85,-3.28,-2.36,-3.16,-3.59,-1.95,-1.17,-3.25,-2.74,-1.76,-1.98,-0.014
20221103,-0.03,0.06,0.17,1.73,0.05,-1.33,-2.98,-0.04,0.16,-0.82,-0.68,-0.51,0.006
20221104,0.63,1.92,1.82,1.84,3.21,-0.27,-2.08,1.04,0.63,-1.33,1.5,0.53,0.054
20221107,0.66,0.92,1.17,3.01,0.32,0.46,1.1,-1.27,0.32,-0.18,0.42,0.31,0.033
20221108,-0.39,0.35,0.09,-0.94,0.57,0,-0.52,0.58,0.06,-0.98,-0.12,-0.17,-0.177
20221109,-3.45,-3.67,-3.01,-6.35,-4.05,-3.35,-3.51,-1.19,-3.06,-3.74,-1.39,-1.81,-0.185
20221110,4.59,5.66,5.35,3.95,6.11,7.57,5.52,4.27,6.47,4.86,4.32,4.16,0.225
20221111,1.52,3.77,1.8,2.39,2.76,3.06,3.16,-0.91,1.23,3,0.05,1,-0.127
20221114,-1.47,-0.96,-0.65,-1.04,-0.63,-1.02,-1.2,-1.04,-0.96,-0.56,-1.15,-0.59,-0.074
20221115,1.04,0.54,0.84,1.84,1.11,1.95,1.23,1.33,1.65,0.71,0.62,0.5,0.031
20221116,-1.55,-2.42,-1.78,-2.5,-2.16,-3,-2.25,0.17,-2.32,-1.9,-0.92,-1.13,-0.055
20221117,-0.41,-1.41,-0.28,-0.15,-0.66,-1.32,-0.74,-1.2,-0.34,-1.27,-0.42,-1.14,0
20221118,0.16,-0.17,0.33,-1.04,-0.06,-0.33,-0.62,2.02,0.25,-0.21,0.37,-0.02,-0.09
20221121,-0.3,-1.54,-0.67,-1.63,-0.72,-1.54,-1.02,0.22,-0.84,-1.6,0.06,-0.48,-0.072
20221122,0.5,0.19,0.72,3.47,1.64,0.53,1.44,1.35,1.86,0.37,0.81,0.34,0.02
20221123,1.04,0.69,0.51,-1.37,-0.04,1.52,0.84,0.41,0.4,1,0.3,0.52,0.011
20221125,0.65,0.46,0.29,-0.08,0.35,0.26,0.24,0.54,0.52,0.51,0.48,0.38,0.017
20221128,-1.37,-1.75,-2.38,-2.96,-2.67,-2.08,-2.69,-1.34,-1.24,-1.55,-1.46,-1.4,-0.013
20221129,0.05,0.25,-0.01,1.53,0.24,-0.53,0.48,-0.32,0.04,-0.01,0.4,0.16,-0.013
20221130,1.69,2.5,2.18,1.28,2.58,3.41,1.58,2.07,2.06,2.62,1.63,1.39,0.048
20221201,0.04,0.09,0.29,-1.95,-0.14,0.96,-0.39,-0.71,-0.45,0.51,0.01,0.43,-0.038
20221202,0.89,1.15,1.02,-0.14,1.04,0.25,0.16,-0.36,0.73,1.25,0.21,0.19,0.027
20221205,-1.19,-2.71,-1.83,-4.47,-1.69,-2.78,-2.68,-1.11,-1.97,-2.45,-2.33,-1.3,0.02
20221206,-1.13,-1.73,-1.05,-2.15,-2.01,-2.54,-1.54,-0.25,-1.39,-2.56,-0.5,-0.77,-0.05
20221207,-0.91,-1.56,-0.88,-1.31,-0.75,-0.77,-1.21,-0.47,-0.8,-0.41,-0.39,-0.44,-0.035
20221208,0.38,0.09,0.4,-1.78,0.26,1.64,-0.1,0.19,1.02,0.53,0.32,0.24,-0.002
20221209,-1.45,-1.08,-1.11,-2.05,-1.18,-0.49,0.3,-0.22,-1.26,-1.01,-0.39,-0.63,0
20221212,0.77,1.29,1.1,3.16,0.59,1.07,0.63,1.49,0.67,1.02,0.65,0.42,-0.013
20221213,-0.29,0.11,0.29,1.84,0.95,0.93,0.47,0.53,-0.14,0.84,-0.14,0.3,0.002
20221214,-0.63,-0.88,-0.23,-0.72,-0.82,-0.76,-2.03,-0.08,-0.38,-0.24,-1.18,-0.28,-0.022
20221215,-2.25,-1.45,-2.35,-0.04,-2.35,-2.97,-3.27,-1.43,-2.25,-2.16,-1.72,-1.29,-0.023
20221216,-0.97,-0.99,-0.8,-1.8,-0.58,-0.4,-0.71,-1.14,-0.4,-1.27,-0.12,-0.84,-0.041
20221219,-1.52,-2.2,-1.66,-0.92,-1.59,-2.77,-1.99,-0.69,-2.45,-2.59,-0.73,-1.48,-0.017
20221220,-0.39,-0.08,0.19,1.65,0.47,0.14,0.76,0.19,-0.62,-0.24,0.4,0.08,0.134
20221221,1.34,1.27,1.47,2.53,1.9,1.16,1.42,1.64,1.07,1.06,1.33,0.83,-0.093
20221222,-0.24,-2.4,-1.46,-2.95,-2.16,-1.84,-1.16,-0.88,-1.3,-0.2,-0.77,-0.66,0.021
20221223,0,-0.11,0.48,3.74,0.64,-0.08,1.19,1.38,0.63,-0.95,0.52,0.42,0.012
20221227,-0.54,-1.99,-0.83,0.13,-0.95,-1.97,-1.57,0.52,-1.32,-2.96,-0.4,-0.38,-0.057
20221228,-1.52,-1.31,-1.62,-4.29,-1.72,-0.93,-2.17,-1.31,-1.7,0.26,-0.85,-1.35,-0.01
20221229,1.82,2.66,2.81,2.75,2.34,3.89,2.76,1.09,2.62,5.01,1.74,2.15,-0.033
20221230,0.06,0.22,0.34,0.62,-0.08,1.06,0.08,-1.15,0.2,2.22,0.03,0.4,-0.026
20230103,1.11,4.16,0.32,-5.34,0.08,0.33,1.78,-0.42,0.38,2.36,-0.1,0.77,-0.016
20230104,2.42,3.08,2.32,0.27,2.42,1.97,2.84,1.3,2.58,3.25,0.87,2.19,0.075
20230105,-0.82,-0.34,-0.34,0.28,-0.98,-1.38,0.42,-1.9,-0.86,0.23,-0.83,-0.42,0.01
20230106,2.01,1.98,2.4,2.48,3.1,1.57,2.25,2.39,2.43,1.42,2,1.55,0.043
20230109,0.19,1.98,1.19,1.37,1.44,2.18,0.06,0.46,0.9,0.27,-0.11,0.84,0.12
20230110,1.25,2.07,2.14,0.75,0.67,1.87,1.06,0.38,2.34,2.48,1.2,1.53,0.059
20230111,1.51,2.31,1.76,0.76,2.08,1.71,1.08,0.87,1.99,1.17,0.78,1.1,0.014
20230112,1.17,2.63,1.86,2.91,1.11,2.38,1.23,0.51,1.49,2.95,1.08,1.07,0.13
20230113,1.05,0.52,0.77,0.67,1.12,1.06,1.27,-0.37,0.54,1.88,0.48,0.78,0.015
20230117,0.28,0.98,-0.33,0.53,-0.02,0.78,0.4,-0.23,0.13,0.4,-0.28,0.03,0.107
20230118,-2.08,-2.01,-1.48,-2.82,-1.78,-1.48,-1.81,-2.11,-1.8,-1.91,-1.57,-1.11,-0.141
20230119,-1.11,-1.69,-1.83,1.15,-1.79,-1.36,0.17,-0.34,-1.58,-0.87,-0.63,-0.69,0.084
20230120,1.39,2.49,1.89,1.18,2.19,2.37,2.21,0.73,2.15,1.76,1.62,1.54,0.063
20230123,0.84,3.18,1.48,1.08,1.01,2.44,1.1,0.26,1.75,0.91,0.66,1.06,-0.02
20230124,-0.31,-0.23,0.01,-0.89,-0.23,-0.65,0.13,0.24,-0.46,0.56,-0.51,0.21,-0.014
20230125,0.54,-0.21,0.2,0.37,-0.14,0.16,0.75,-0.21,0.63,0.43,0.17,0.04,-0.025
20230126,0.09,0.89,0.93,1.02,0.3,1.48,1.09,0.24,0.54,-0.26,0.39,0.22,0.019
20230127,0.38,3.78,0.73,-1.17,0.86,1.19,1.31,-0.14,1.38,0.82,0.59,0.6,-0.022
20230130,-0.42,-1.4,-1,-2.29,-0.68,-1.43,-0.89,-0.86,-0.9,-1.07,-0.61,-0.82,-0.06
20230131,2.14,3.27,2.2,1.5,2.42,3.14,1.6,1.67,2.41,2.13,1.86,1.97,0.01
20230201,1.43,1.94,1.26,-1.12,1.11,2.78,2.63,0.66,1.86,0.94,1,1.15,0.03
20230202,1.69,1.72,1.5,-1.42,1.61,2.87,2.73,0.9,2.43,2.26,1.76,2.1,0.005
20230203,-1.32,-0.64,-0.47,-0.61,-1,-1.32,-1.58,-1.12,-0.76,0.05,0.07,-0.41,-0.051
20230206,-0.83,-1.33,-0.86,-1.13,-0.8,-1.04,-2.32,0.07,-0.35,-0.51,-0.78,-0.54,0.04
20230207,-1.03,-0.62,0.57,2.71,0.2,0.83,-1.14,-0.02,-0.32,0.65,0.96,0.15,-0.026
20230208,-1.57,-1.52,-1.29,-1.65,-1.83,-1.25,-2.14,-1.8,-1.57,-2.08,-0.86,-1.24,-0.008
20230209,-1.89,-1.96,-1.61,-2.48,-2.26,-1.99,-1.79,-1.42,-1.77,-2.14,-1.09,-1.37,-0.073
20230210,-0.51,-0.71,0.11,4.57,0.08,-0.73,-0.26,1.8,-0.53,-0.49,0.19,-0.78,0.002
20230213,1.07,1,1.06,-0.64,1.08,0.87,0.49,0.52,1.48,-0.54,0.69,0.4,-0.033
20230214,-0.25,0.14,0.37,0.51,-0.05,0.77,0.09,-0.76,0.04,-0.5,-0.34,0.05,0.04
20230215,1.33,1.97,1.21,-1.25,1.16,2.26,2.07,0.53,1.67,0.91,0.88,0.75,0.084
20230216,-0.95,-0.95,-0.65,-0.69,-1.43,-1.77,-1.48,-0.52,-0.59,-0.53,-0.75,-1.03,-0.01
20230217,0.58,-0.74,0.14,-3.45,-0.72,-0.87,2.29,0.92,-0.14,1.05,0.36,-0.34,0.027
20230221,-2.7,-3.66,-2.92,-2.35,-2.74,-2.91,-3.8,-1.62,-3.61,-3.73,-1.86,-2.05,0.014
20230222,0.06,0.63,0.17,-0.48,0.93,-0.1,1.09,0.2,0.47,-0.15,-0.19,-0.01,-0.023
20230223,0.9,-0.46,0.76,1.8,0.58,0.43,-0.85,0.03,-0.23,-0.26,0.44,0.35,0.026
20230224,-0.89,-1.61,-0.96,1,-0.16,-2.15,-2.34,-0.03,-1.22,-2.48,-0.6,-1.17,-0.026
20230227,-0.13,0.48,0.57,0.71,0.57,0.14,-0.94,-0.63,-0.09,1.03,0.15,0.26,-0.027
20230228,0.14,0.44,0.34,-0.7,-0.2,0.35,-0.12,-1.34,-0.18,0.57,0.22,0.2,0.01
20230301,-0.76,-0.95,0.08,1.82,0.3,-0.88,-1.71,-1.06,-0.64,-0.25,-0.5,-0.04,0.004
20230302,0.96,0.62,0.69,1.36,0.66,0.68,-0.71,0.91,0.76,-0.06,-0.65,0.3,-0.014
20230303,0.51,2.11,1.46,2.33,1.45,2.19,0.7,1.34,1.12,1.33,0.92,1.23,-0.015
20230306,-1.79,-2.13,-1.68,-1.72,-2.95,-1.24,-1.01,-0.13,-1.81,-0.73,-0.72,-0.57,-0.003
20230307,-0.72,-1.41,-0.92,-1.72,-1.45,-1.01,-1.13,-1.08,0.17,-0.52,-1.31,-0.77,0.047
20230308,0.02,-0.42,0.36,-1.14,0,-0.06,-0.13,0.51,-0.55,-0.72,-0.13,-0.44,-0.01
20230309,-1.79,-2.16,-2.08,-2.88,-2.88,-2.9,-2.51,-1.29,-2.13,-3.44,-3.84,-1.8,-0.083
20230310,-1.77,-3.12,-3.33,-2.57,-2.66,-3.73,-2.34,-2.01,-2.54,-4.52,-3.08,-2.22,-0.057
20230313,-1.33,-2.51,-1.96,-3,-1.44,-0.57,-2.07,0.31,-2.26,0.77,-5.14,-1.4,0.13
20230314,0.89,0.75,1.19,0.07,1.27,1.27,0.93,1.67,0.75,1.14,1.59,0.47,0.03
20230315,-1.02,-2.12,-2.86,-6.62,-2.04,-1.18,-0.32,-0.32,-1.13,-1.51,-1.09,-1.54,-0.05
20230316,0.36,1.2,0.94,2.67,1.63,1.61,0.59,0.93,1.16,1.17,2.41,0.6,0.03
20230317,-1.63,-2.27,-2.56,-2.7,-2.63,-1.9,-3.09,-1.38,-2.02,-2.11,-3.34,-1.62,0.078
20230320,0.77,0.63,0.88,1.71,0.29,-0.3,0.4,1.24,0.09,-0.84,0.32,-0.16,0.052
20230321,1.39,2.4,1.96,3.13,1.52,2.81,2.11,-0.86,1.85,1.93,3.17,2.08,-0.007
20230322,-1.56,-1.72,-1.93,-2.54,-2.11,-2.2,-2.39,-2.59,-1.64,-2.34,-2.9,-1.12,-0.04
20230323,-0.59,-0.89,-0.34,-1.61,-0.72,0.51,-0.69,-1.5,-0.85,-0.23,-1.48,-0.14,0.062
20230324,0.54,0.17,0,0.52,1.12,-0.19,-0.61,2.84,0.12,0.45,1.3,0.33,-0.038
20230327,0.78,-0.02,1.04,3.6,1.81,0.52,1.61,0.59,0.64,0.52,0.93,0.24,-0.042
20230328,0.2,-0.03,0.27,1.24,0.42,-0.83,-0.06,0.59,0.5,-0.7,-0.27,-0.19,0.061
20230329,1.06,1.03,1.19,0.6,0.77,1.79,1.7,1.39,0.68,1.66,0.69,1.07,0.024
20230330,0.27,-0.27,0.45,-0.08,0.27,0.66,0.32,0.47,0.39,-0.33,-0.88,0.29,-0.032
20230331,1.76,2.47,1.78,1.42,1.98,2.6,1.36,0.92,1.59,1.41,0.97,1.24,0.013
20230403,0.17,-0.53,0.14,5.76,0.5,-0.33,-0.56,-0.82,0.45,0.25,-0.23,-0.12,-0.034
20230404,-1.76,-1.95,-2.49,-2.41,-1.78,-1.21,-0.97,-0.19,-1.87,-1.83,-1.66,-1.41,0.002
20230405,-0.86,-2.6,-1.79,0.12,-0.94,-2.23,0.49,2.26,-1.49,-1.03,-0.55,-1.26,0.014
20230406,-0.08,-0.36,0.09,-1.28,-0.43,0.75,0.5,0.72,0.18,1.21,0.43,0.25,-0.016
20230410,0.67,1.2,1.76,1.57,1.07,1.08,1.51,0.27,1.65,0.73,0.49,0.93,0.075
20230411,1.02,1.11,0.61,1.13,0.85,0.33,0.62,0.36,1.59,1.2,0.6,0.82,0.037
20230412,-0.7,-0.54,-0.36,-0.16,-0.21,-0.94,-1.98,-0.27,-1.48,-1.11,-0.65,-0.46,-0.008
20230413,0.52,0.83,0.84,0.38,1.02,2.13,1.9,0.03,0.52,3.28,0.87,1.61,0.058
20230414,-0.61,-0.24,-0.69,-0.17,-0.86,-0.95,-1.43,-0.99,-0.53,-0.49,-1.01,-0.07,-0.022
20230417,0.54,0.68,0.84,-1.35,0.43,0.75,1.65,0.32,0.84,3.1,1.03,0.72,-0.03
20230418,0,0.43,0.02,-0.84,0.61,-0.42,-0.52,-0.88,0.15,-0.34,-1.08,-0.24,0.014
20230419,-0.03,-1.17,-0.46,-0.89,-0.6,-1.04,0.35,0.6,-0.1,0.88,1.23,-0.29,-0.033
20230420,-0.46,-1.16,-0.26,-1.74,-0.95,-1.21,-1.43,-0.34,-0.69,-1.42,-0.64,-0.53,-0.071
20230421,0.04,-0.85,-0.56,-1.1,-0.72,-0.16,-0.11,0.03,-0.08,0.79,-0.64,0.17,-0.011
20230424,-0.33,-0.27,0.13,1.66,0.37,-1.06,-0.1,0.15,-0.07,-1.08,-0.41,-0.32,-0.007
20230425,-1.3,-2.21,-2.34,-3.77,-2.36,-2.99,-2.55,-0.81,-2.42,-2.04,-2.69,-1.53,-0.011
20230426,-0.43,-0.62,-1.48,-1.44,-1.24,-0.3,-0.18,-1.79,-0.58,-0.68,-0.72,-0.98,-0.005
20230427,0.78,1.33,1.78,0.35,1.5,0.96,1.98,1.31,1.15,0.78,1.48,1.14,0.045
20230428,1.5,0.99,0.92,2.21,1.49,0.64,0.96,-0.03,0.87,0.89,0.67,0.92,-0.003
20230501,-0.35,-1.49,0.45,-0.51,-0.28,-0.12,-0.76,-0.12,3.5,1.08,-1.16,0.28,-0.039
20230502,-1.07,0.32,-0.75,-4.14,-0.96,-1.43,-2.22,-1.73,-1.31,-1.61,-3.7,-1.21,0.033
20230503,0.27,-0.03,-0.41,-1.7,-0.21,-0.21,-0.15,0.14,-0.06,1.86,-0.66,0.09,-0.019
20230504,-0.8,-1.51,-1.62,-0.55,-1.1,-0.6,-3.12,0.15,-1.02,0.35,-2.2,-0.99,0.034
20230505,2.09,2.04,2.51,3.73,2.63,2.23,1.26,1.43,2.41,1.85,3.38,1.31,0.028
20230508,-0.13,1.43,-0.41,0.26,0.2,0.42,-0.34,-0.32,0.28,1.01,-0.63,-0.02,-0.063
20230509,-0.29,-1.32,-0.01,-0.23,-0.43,0.2,0.15,0.02,-0.13,0.25,-0.32,0.12,-0.002
20230510,0.02,0.27,-0.14,-0.38,0.37,1.36,-0.07,0.95,0.7,0.97,-0.07,0.06,-0.006
20230511,-0.65,-0.84,-0.94,-1.83,-0.79,-0.61,-0.31,-1.04,-0.51,-1.15,-0.95,-0.74,-0.046
20230512,-0.38,-0.98,-0.22,0.32,-1.03,-0.55,-0.36,0.75,-0.45,-1.44,-0.17,-0.48,-0.011
20230515,0.48,1.25,0.9,1.88,1.25,1.76,1.86,-0.64,0.95,1.32,1.35,0.61,0.027
20230516,-1.69,-2.01,-1.75,-2.79,-1.96,-0.91,-2.93,-1.65,-1.72,-1.95,-0.92,-1.16,-0.025
20230517,1.49,2.03,1.93,2.27,1.78,2.34,1.8,0.27,2.35,1.32,3.97,1.55,0.002
20230518,0.18,0.49,0.71,1.76,0.78,1.54,0.15,-0.07,0.81,-0.28,0.57,0.6,-0.003
20230519,-0.68,-0.39,-0.52,0.24,0.01,-0.4,-0.53,-0.48,-1.59,1.07,-0.94,-0.48,0.007
20230522,0.42,1.42,0.98,1.66,1.53,2.01,1.02,0.31,0.22,1.6,1.75,0.64,-0.012
20230523,0.53,-0.08,-0.17,0.33,-0.56,-0.59,-0.6,-0.16,-0.42,-0.06,0.55,-0.36,-0.001
20230524,-0.57,-0.79,-1.51,-0.1,-1.8,-1.05,-1.88,-0.61,-0.29,-1.45,-1.27,-0.89,-0.01
20230525,-1.22,-1.29,-0.85,-3.1,-0.68,-0.36,-2.37,-1.25,-1.62,-3.17,-0.8,-0.54,-0.036
20230526,0.26,0.73,0.68,-0.39,0.34,2,1.55,0.29,0.47,0.83,0.84,0.61,0.061
20230530,-0.38,-0.09,-0.44,-1.77,-0.03,0.84,0.01,-0.01,-0.6,-0.47,-0.1,0.08,0.069
20230531,-1.23,-2.02,-1.76,-1.41,-1.8,-0.47,-1.13,0.51,-1.6,0.71,-1.43,-0.68,-0.035
20230601,0.49,0.36,1.18,1.69,1.35,0.74,0.82,-0.52,0.6,0.96,1.21,0.73,0.005
20230602,2.57,3.33,4.27,4.27,4.22,1.68,3.2,2.15,3.5,2.06,4.09,2.25,0.008
20230605,-1.16,-1.01,-0.91,-1.36,-0.59,-1.06,-0.71,-0.22,-1.05,-0.2,-1.38,-0.57,-0.072
20230606,1.52,2.84,2.27,2.06,2.64,1.9,1.86,0.62,2.68,1.31,3.28,1.63,0.041
20230607,1.69,2.09,2.34,3.34,1.02,-0.04,2.27,2.16,1.75,0.22,2.41,0.87,-0.035
20230608,0.03,-0.61,-0.1,-0.63,-0.11,-0.04,-0.05,-0.1,-0.2,-0.05,-0.31,-0.19,0.014
20230609,-0.78,-0.57,-0.74,-1.04,-0.84,-0.66,-1.37,-0.65,-1.08,-1.05,-0.73,-0.52,-0.026
20230612,0.39,0.88,1.02,-1.73,0.79,1.93,0.5,-0.86,0.99,0.99,-0.14,0.66,-0.027
20230613,1.29,1.85,1.27,1.57,1.36,1.2,0.99,0.02,1.14,1.12,1.35,0.83,0.009
20230614,-0.69,-0.8,-1.13,-1.06,-1.1,-0.55,-1.26,0.16,-1.13,-1.39,-1.47,-0.94,-0.023
20230615,0.29,2.05,0.88,2.12,1.63,1.21,0.64,1.02,1.1,0.69,1.32,1.09,-0.005
20230616,-0.31,-1.25,-0.01,-0.29,-0.91,-0.27,-0.95,0.01,-0.72,-0.26,-0.34,-0.07,0.066
20230620,-1.38,-1.51,-0.75,-1.54,-1.11,-0.73,-1.53,-0.92,-0.36,-0.24,-1.02,-0.56,0.123
20230621,-0.63,0.31,0.16,1.1,-0.37,-1.34,-0.96,0.37,0.43,-1.28,-0.43,-0.06,0.112
20230622,0.28,-1.23,-0.63,-2.09,-1.11,-0.23,-0.73,-0.83,-0.22,-0.3,-1.11,-0.29,0.015
20230623,-1.59,-1.97,-0.96,-1.42,-1.02,-1.12,-0.72,-1.9,-0.35,-1.34,-0.79,-1.04,0.036
20230626,0.29,-0.15,0.23,1,0.34,-0.59,2.54,1.02,0.12,-1.95,0.13,0,-0.019
20230627,0.79,2,1.55,0.17,0.82,1.68,2.52,0.49,1.4,-0.09,0.84,0.42,0.054
20230628,-0.54,0.26,-0.31,0.84,0.33,0.48,-0.14,-1.09,-0.03,0.5,-0.14,0.17,0.017
20230629,1.24,1.28,1.69,2.41,1.72,1.01,1.2,0.68,1.01,0.65,1.25,0.6,-0.023
20230630,0.1,0.54,0.59,0.45,1.01,0.82,0.62,0.66,0.38,0.99,-0.59,0.23,-0.053
20230703,2,1.88,0.78,0.55,1.45,0.81,0.74,0.49,0.84,0,1.29,0.59,0.023
20230705,-1.2,-0.28,-1.73,-0.81,-2.1,-0.97,-1.12,0.18,-1.02,-0.45,-1.09,-0.68,-0.031
20230706,-1.13,-1.15,-1.29,-2.23,-1.29,-1.71,-1.3,-1.23,-1,-1.67,-1.37,-1.28,0.02
20230707,0.52,2.27,1.66,3.99,1.73,1.3,1.82,-0.32,1.08,1.14,1.33,1.1,0.018
20230710,0.54,1.22,1.04,0.64,1.3,1.72,-0.42,-0.16,1.32,1.98,0.38,1.15,0.031
20230711,0.65,1.6,1.02,2.1,1.43,1.38,0.65,1.14,1.25,0.74,0.99,1.04,0.042
20230712,0.76,1.55,0.93,1.04,0.7,1.56,0.05,1.4,0.79,0.85,1.05,0.39,-0.009
20230713,0.44,1.07,0.68,0.58,0.37,1.49,0.57,0.32,-0.04,0.06,1.19,1.19,0.135
20230714,-1.17,-1.05,-1.34,-3.09,-1.91,-1.96,-2.37,-1.1,-1.19,-1.19,-1.14,-0.58,-0.057
20230717,0.28,1.44,1.25,0.98,1.11,1.24,-1.71,-0.26,0.53,0.88,1.25,0.25,-0.01
20230718,0.74,1.93,1.06,2.43,1.88,0.54,2.2,-0.09,0.96,0.51,2.33,0.65,0.021
20230719,0.9,0.9,0.11,0.07,0.05,-0.08,1.91,1.11,0.81,0.19,1.51,0.24,0.02
20230720,-0.33,-1.32,-0.71,0.36,-0.35,-1.71,0.93,1.65,-0.76,-0.89,-0.1,-0.96,-0.067
20230721,-0.5,-0.63,-0.3,0.79,-0.46,-0.2,-0.68,0.73,-0.7,0.25,-0.6,-0.64,-0.009
20230724,-0.63,0.46,0.81,1.67,0.13,-0.32,0.44,-0.21,0.68,-1.98,1.32,-0.06,-0.024
20230725,-0.28,-1.34,-0.16,0.21,0.95,0.31,-1.45,0.25,0.03,-1.85,-0.3,-0.34,0.008
20230726,0.66,0.92,0.73,-0.33,0.31,0.62,0.59,0.28,0.99,0.68,2.06,0.37,0.002
20230727,-1.14,-2.49,-0.85,-1.19,-1.15,-1.53,-0.98,-1.81,-1.28,-1.87,-1.04,-1.26,-0.021
20230728,0.67,1.21,1.54,1.6,1.08,1.75,2.17,0.27,1.01,2.26,0.77,1.31,0
20230731,0.98,1.49,1.25,1.89,0.69,1.7,1.57,0.13,1.12,1.03,0.07,1.07,0.049
